lags,train_cross_entropy_mean,train_cross_entropy_std,train_cross_entropy_fold_1,train_cross_entropy_fold_2,train_cross_entropy_fold_3,train_cross_entropy_fold_4,train_cross_entropy_fold_5,train_roc_auc_mean,train_roc_auc_std,train_roc_auc_fold_1,train_roc_auc_fold_2,train_roc_auc_fold_3,train_roc_auc_fold_4,train_roc_auc_fold_5,val_cross_entropy_mean,val_cross_entropy_std,val_cross_entropy_fold_1,val_cross_entropy_fold_2,val_cross_entropy_fold_3,val_cross_entropy_fold_4,val_cross_entropy_fold_5,val_roc_auc_mean,val_roc_auc_std,val_roc_auc_fold_1,val_roc_auc_fold_2,val_roc_auc_fold_3,val_roc_auc_fold_4,val_roc_auc_fold_5,test_cross_entropy_mean,test_cross_entropy_std,test_cross_entropy_fold_1,test_cross_entropy_fold_2,test_cross_entropy_fold_3,test_cross_entropy_fold_4,test_cross_entropy_fold_5,test_roc_auc_mean,test_roc_auc_std,test_roc_auc_fold_1,test_roc_auc_fold_2,test_roc_auc_fold_3,test_roc_auc_fold_4,test_roc_auc_fold_5,num_epochs_mean,num_epochs_std,num_epochs_fold_1,num_epochs_fold_2,num_epochs_fold_3,num_epochs_fold_4,num_epochs_fold_5
-2000,0.6577123641967774,0.0018849404587044,0.6541461944580078,0.6574222445487976,0.6589331030845642,0.6590301394462585,0.6590301394462585,0.6476357728382091,0.0039676706111975,0.653807532641565,0.6508584006779974,0.6452427447008,0.6441350930853414,0.6441350930853414,0.739627742767334,0.0102257961650567,0.7479802966117859,0.7465894222259521,0.7398774027824402,0.7437500953674316,0.7199414968490601,0.5027006582471201,0.0078361167776421,0.4949642527813371,0.4964492293690047,0.5014270944357289,0.5036226243368502,0.5170400903126795,0.7307430624961853,0.0086569712185132,0.7372978329658508,0.7283024191856384,0.7244234681129456,0.7199414968490601,0.7437500953674316,0.5181106540445475,0.0092067468318206,0.516189376903023,0.5215445747765594,0.5321566038936252,0.5170400903126795,0.5036226243368502,0.0,0.0,0,0,0,0,0
-1975,0.6576212048530579,0.0020686073763988,0.6537840962409973,0.659311056137085,0.6571041345596313,0.6589533686637878,0.6589533686637878,0.6477690677733712,0.0048373539044802,0.6542954278765878,0.6463022194484533,0.6526003373578365,0.6428236770919892,0.6428236770919892,0.7413735270500184,0.0075750997964632,0.7498311400413513,0.7423347234725952,0.7451967000961304,0.7422413229942322,0.7272637486457825,0.5039508144561181,0.0080128374684355,0.5090316116387036,0.4915032992826605,0.4982495638879242,0.5071394640511918,0.5138301334201106,0.7357906103134155,0.0069790906200982,0.7443032264709473,0.7283273339271545,0.7368174195289612,0.7272637486457825,0.7422413229942322,0.5123342742096405,0.0050099431087534,0.5060996238731119,0.5193091734981643,0.5152929762056241,0.5138301334201106,0.5071394640511918,0.0,0.0,0,0,0,0,0
-1950,0.6567926645278931,0.0032346659131709,0.6508791446685791,0.6565169095993042,0.6605879068374634,0.6579896807670593,0.6579896807670593,0.6514235843456412,0.0057880116877935,0.6608277291113482,0.6550402560929337,0.6445702455707931,0.6483398454765652,0.6483398454765652,0.7404538989067078,0.0078698889251735,0.7498871684074402,0.7480732798576355,0.7346351742744446,0.7405673861503601,0.7291064858436584,0.5008047663889081,0.0064632679069737,0.4971717583001009,0.4900782007832054,0.5067762036493699,0.502788322974424,0.5072093462374403,0.7347001552581787,0.0089415946765735,0.7468899488449097,0.7358097434043884,0.7211272120475769,0.7291064858436584,0.7405673861503601,0.5114188514783409,0.0129943880488127,0.4990228661266891,0.5122052114283896,0.5358685106247614,0.5072093462374403,0.502788322974424,0.0,0.0,0,0,0,0,0
-1925,0.6607182145118713,0.0011809574842441,0.658550500869751,0.6618857979774475,0.6604310274124146,0.6613618731498718,0.6613618731498718,0.6438026189535397,0.0020104599725521,0.6473306236905264,0.6417072537206524,0.6446637836831408,0.6426557168366896,0.6426557168366896,0.7439572095870972,0.0097146947965419,0.7536932826042175,0.7505200505256653,0.7446418404579163,0.7451949119567871,0.7257359623908997,0.4961129812779726,0.0110365634820566,0.4874914673724297,0.4795396572578231,0.5003013863773358,0.5033112582781457,0.5099211371041288,0.7346948862075806,0.0064116469756717,0.7368993163108826,0.7315652966499329,0.7340789437294006,0.7257359623908997,0.7451949119567871,0.5095532912452153,0.0056918625949827,0.5029393619773528,0.5150332724763234,0.5165614263901259,0.5099211371041288,0.5033112582781457,0.0,0.0,0,0,0,0,0
-1900,0.6549389362335205,0.0038276885348383,0.6477999687194824,0.658911406993866,0.6545410752296448,0.6567211151123047,0.6567211151123047,0.6545151005644748,0.0063209666467609,0.6653078570187785,0.646614268440145,0.6570227838449485,0.6518152967592511,0.6518152967592511,0.7394008874893189,0.0087910886224839,0.7519934177398682,0.74367356300354,0.738401472568512,0.7378994822502136,0.7250365018844604,0.506338067263431,0.0076766019384681,0.5069757972767446,0.4920541776942145,0.5092910833542907,0.5081973102762775,0.5151719677156275,0.7344930171966553,0.0107535024844724,0.7518504858016968,0.7213577032089233,0.7363209128379822,0.7250365018844604,0.7378994822502136,0.5168255325061499,0.0127994991263653,0.501661724611435,0.5392507825893265,0.5198458773380837,0.5151719677156275,0.5081973102762775,0.0,0.0,0,0,0,0,0
-1875,0.6601818561553955,0.0016838786294051,0.6568756103515625,0.6613625288009644,0.6613706350326538,0.6606502532958984,0.6606502532958984,0.6438363318281396,0.0032170467702451,0.6501261614654051,0.6409619264770023,0.6428493216270312,0.6426221247856297,0.6426221247856297,0.7429650664329529,0.0083127132735387,0.7513636946678162,0.7509922981262207,0.7387285232543945,0.7445611357688904,0.7291796803474426,0.4957263045174354,0.0076667448263245,0.4881301669800286,0.4847889696577768,0.5007724273379399,0.5027444123764018,0.5021955462350299,0.7360896944999695,0.0057657256089263,0.7408992052078247,0.7341845631599426,0.7316238880157471,0.7291796803474426,0.7445611357688904,0.5091947395710381,0.0070098835491458,0.5075125873151705,0.5211070407185104,0.5124141112100776,0.5021955462350299,0.5027444123764018,0.0,0.0,0,0,0,0,0
-1850,0.6592767477035523,0.0030942028395718,0.6558508276939392,0.6638145446777344,0.6557301878929138,0.6604940891265869,0.6604940891265869,0.645107733517849,0.0088051048637669,0.6536666146717762,0.6332511249720751,0.6568587596668979,0.6408810841392478,0.6408810841392478,0.742002272605896,0.0089915400011292,0.7527971863746643,0.7446979284286499,0.7472215890884399,0.7388991713523865,0.7263954877853394,0.4976672874606058,0.0115235119730138,0.4899145340087582,0.4793640148657334,0.5015827774650811,0.5107880355596006,0.5066870754038559,0.7340030074119568,0.0108159164560063,0.7370010018348694,0.7181427478790283,0.7495766282081604,0.7263954877853394,0.7388991713523865,0.5126848635614865,0.0153985471165637,0.505458815100798,0.5423751735220298,0.4981152182211477,0.5066870754038559,0.5107880355596006,0.0,0.0,0,0,0,0,0
-1825,0.6583331823348999,0.0022274918006624,0.6541153192520142,0.6581031680107117,0.6593186259269714,0.6600643992424011,0.6600643992424011,0.6486412791092127,0.0036207132384643,0.6545380460792899,0.6504089437496232,0.6484059731399325,0.6449267162886088,0.6449267162886088,0.7400126576423645,0.0089232919935641,0.7508536577224731,0.7483060956001282,0.7381152510643005,0.7368558049201965,0.7259324789047241,0.5002095487910415,0.0086561489609008,0.4915432180081354,0.4898905827734732,0.4997345404755917,0.5086204487663119,0.511258953931695,0.7328402519226074,0.0040924209789652,0.7368601560592651,0.7310310006141663,0.7335218191146851,0.7259324789047241,0.7368558049201965,0.5135303274441552,0.0051620202146629,0.5096459631037433,0.5227816028861337,0.5153446685328922,0.511258953931695,0.5086204487663119,0.0,0.0,0,0,0,0,0
-1800,0.6600148200988769,0.0010840352478629,0.6581906080245972,0.66148841381073,0.6596587896347046,0.6603681445121765,0.6603681445121765,0.6430177330225373,0.0028807594235536,0.64635616263529,0.6387864485633336,0.6461648265665971,0.6418906136737328,0.6418906136737328,0.7411597490310669,0.0096432144012346,0.752461314201355,0.7461092472076416,0.7462390065193176,0.7359464168548584,0.7250427603721619,0.5008992116752898,0.0128873693146676,0.4872000606764627,0.4887329397347002,0.4966927335944018,0.5194623746053035,0.5124079497655807,0.7308847427368164,0.0039918054424016,0.7297549247741699,0.7289395928382874,0.7347400188446045,0.7250427603721619,0.7359464168548584,0.5167010711856057,0.0058113014531982,0.5102509502676671,0.5265801940264669,0.5148038872630105,0.5124079497655807,0.5194623746053035,0.0,0.0,0,0,0,0,0
-1775,0.6551249146461486,0.0029238821343304,0.649742066860199,0.657565176486969,0.6542930006980896,0.6570121645927429,0.6570121645927429,0.6538966325916823,0.0052680341656558,0.6626109175089248,0.6471058342523412,0.6564673181825235,0.6516495465073108,0.6516495465073108,0.7372191905975342,0.0088329582304465,0.7471593022346497,0.7427799701690674,0.7405738234519958,0.7337646484375,0.721818208694458,0.5106249343762068,0.0071440654408266,0.5088120586485915,0.5000618740244861,0.5074947407079187,0.5206479607519091,0.5161080377481289,0.7312703967094422,0.0070349037870033,0.7408996820449829,0.7246624827384949,0.7352069616317749,0.721818208694458,0.7337646484375,0.5229043506227316,0.0108859630683136,0.5113216183406635,0.5430752280149079,0.5233689082580482,0.5161080377481289,0.5206479607519091,0.0,0.0,0,0,0,0,0
-1750,0.659741747379303,0.0014536312464277,0.6572225689888,0.6593627333641052,0.6597856879234314,0.6611688733100891,0.6611688733100891,0.6459168746035651,0.0016660519239498,0.6482164570918076,0.6468345643902456,0.6465372057816307,0.6439980728770708,0.6439980728770708,0.7355321049690247,0.007297987379655,0.7435269355773926,0.7403246164321899,0.736973762512207,0.7345863580703735,0.7222488522529602,0.5069068121420203,0.0073014797706494,0.4974831243588055,0.5009161347496498,0.5056465037184292,0.5144525745581995,0.5160357233250172,0.7303258538246155,0.0042643762956272,0.7322712540626526,0.7322613000869751,0.730261504650116,0.7222488522529602,0.7345863580703735,0.5162590520181821,0.0047838921280883,0.5116639137097256,0.5254048184432538,0.5137382300547144,0.5160357233250172,0.5144525745581995,0.0,0.0,0,0,0,0,0
-1725,0.6607558727264404,0.002159160050058,0.657256007194519,0.6632624864578247,0.6628091335296631,0.6602258682250977,0.6602258682250977,0.6483551834374772,0.0106289995458099,0.6483613633060241,0.6352049771814174,0.6676666230746554,0.6452714768126449,0.6452714768126449,0.7495482206344605,0.0366899750298577,0.7359919548034668,0.7326995730400085,0.8226725459098816,0.7295078039169312,0.7268692255020142,0.5121827295490718,0.0089946112425036,0.504325193905209,0.5021017208962553,0.5231548567117349,0.5226119620452758,0.5087199141868846,0.747733736038208,0.041951872567425,0.7320451736450195,0.7190617322921753,0.8311847448348999,0.7268692255020142,0.7295078039169312,0.5194013379088113,0.0127265501824103,0.5124917908814106,0.5429360126328014,0.5102470097976842,0.5087199141868846,0.5226119620452758,0.0,0.0,0,0,0,0,0
-1700,0.6580671787261962,0.002452130431677,0.6535159945487976,0.6574467420578003,0.6596061587333679,0.6598834991455078,0.6598834991455078,0.6491867582933973,0.004003732059586,0.6548116839608762,0.6532479690220456,0.6466615538409365,0.6456062923215643,0.6456062923215643,0.7341434955596924,0.0082878233368076,0.7422016263008118,0.7428274154663086,0.7336321473121643,0.7319912314414978,0.7200650572776794,0.5074880644164307,0.0058051736958924,0.5052992108067973,0.5002335245440284,0.5033990794741905,0.5130713866567669,0.5154371206003704,0.7289342641830444,0.0061746296351487,0.7376992106437683,0.7307319641113281,0.7241838574409485,0.7200650572776794,0.7319912314414978,0.5181636090614514,0.0062638342068119,0.5113355489661486,0.5233742626556727,0.5275997264282988,0.5154371206003704,0.5130713866567669,0.0,0.0,0,0,0,0,0
-1675,0.6602729916572571,0.0011918520741401,0.65889573097229,0.6618319749832153,0.6588549017906189,0.6608911752700806,0.6608911752700806,0.6431539755871597,0.003205820078538,0.6452110933461902,0.639506953728099,0.6483751631929744,0.6413383338342674,0.6413383338342674,0.7332059144973755,0.0087312068897708,0.742163360118866,0.7366999387741089,0.7384430766105652,0.7316022515296936,0.7171209454536438,0.5096254689756052,0.0096042826586722,0.5002894107596934,0.5033192420232406,0.5020338590629478,0.5194064883896387,0.5230783446425056,0.727176022529602,0.0051741773128472,0.7282029390335083,0.7286049127578735,0.730349063873291,0.7171209454536438,0.7316022515296936,0.520819888777168,0.0041539763975262,0.5135743994905372,0.5257806999749411,0.5222595113882174,0.5230783446425056,0.5194064883896387,0.0,0.0,0,0,0,0,0
-1650,0.6574562788009644,0.0022530593499903,0.6536571383476257,0.6590124368667603,0.6560670733451843,0.6592723727226257,0.6592723727226257,0.6483227644577408,0.0048066412307114,0.655358959724049,0.6449649299485474,0.6528831682378261,0.6442033821891409,0.6442033821891409,0.7350916504859925,0.0087901385849269,0.7422529458999634,0.7432761192321777,0.7383081316947937,0.7323465347290039,0.7192745208740234,0.5061144706037581,0.0075368430497584,0.5077661880411481,0.4931559345173227,0.5030158597096311,0.5133827527154713,0.5132516180352171,0.7300669550895691,0.0067619437280273,0.7391147017478943,0.7262681126594543,0.7333309054374695,0.7192745208740234,0.7323465347290039,0.5172457231886842,0.0073898655427404,0.5112778363748534,0.5316078581116825,0.5167085507061967,0.5132516180352171,0.5133827527154713,0.0,0.0,0,0,0,0,0
-1625,0.6607574701309205,0.0018537710963624,0.6576414704322815,0.6615650057792664,0.6596931219100952,0.6624438762664795,0.6624438762664795,0.6410913968055608,0.0042799939670848,0.6467053555918731,0.6407921611874883,0.6451261545418073,0.6364166563533177,0.6364166563533177,0.7332310080528259,0.0112809494716046,0.7441040873527527,0.7411425709724426,0.7387866973876953,0.7290730476379395,0.7130486369132996,0.5053285858427238,0.0106029255403829,0.4936509267132119,0.498030010897812,0.4990279790346854,0.5153866727343129,0.5205473398335965,0.728808319568634,0.008610930894605,0.7391091585159302,0.730242133140564,0.732568621635437,0.7130486369132996,0.7290730476379395,0.5139634865373395,0.00581535023153,0.5035921112857968,0.5177300733068426,0.5125612355261484,0.5205473398335965,0.5153866727343129,0.0,0.0,0,0,0,0,0
-1600,0.6589252829551697,0.0025448552288239,0.655927836894989,0.6627609133720398,0.6562723517417908,0.6598326563835144,0.6598326563835144,0.6452375557911754,0.0057051381841411,0.6499606493216439,0.6374841759247112,0.6534244480253928,0.6426592528420644,0.6426592528420644,0.7406571626663208,0.0096369140510431,0.7477993965148926,0.7420387864112854,0.7484869360923767,0.7428823709487915,0.7220783233642578,0.4980349282125744,0.0128484714044371,0.4902438634939263,0.484329904314815,0.4925571536351987,0.501954021611998,0.5210896980069342,0.7323574542999267,0.010000191646371,0.7378315925598145,0.7186057567596436,0.7403892278671265,0.7220783233642578,0.7428823709487915,0.5165375610915801,0.0143549241220389,0.5099723377579654,0.5423871062690675,0.5072846418119353,0.5210896980069342,0.501954021611998,0.0,0.0,0,0,0,0,0
-1575,0.6582845449447632,0.0022073761289867,0.6544541120529175,0.6581001877784729,0.6579329371452332,0.6604677438735962,0.6604677438735962,0.6456225715926394,0.0046384151331257,0.6523480567500595,0.6464985798224867,0.6483999884739766,0.640433116458337,0.640433116458337,0.7399670839309692,0.0110398569545892,0.746312141418457,0.7530136704444885,0.7405641674995422,0.7399423718452454,0.720003068447113,0.4968273012244261,0.0096154797741772,0.4939622927719164,0.4804777473064839,0.5001896139460059,0.4997624835834241,0.5097443685143002,0.7338765144348145,0.0074585441065132,0.7401773929595947,0.7326241135597229,0.7366356253623962,0.720003068447113,0.7399423718452454,0.5064608718471404,0.0075385341970929,0.5030547871599435,0.5197109093151001,0.5000318106629342,0.5097443685143002,0.4997624835834241,0.0,0.0,0,0,0,0,0
-1550,0.6607268691062927,0.001905148066953,0.657970130443573,0.6634582877159119,0.6593006253242493,0.6614526510238647,0.6614526510238647,0.6402601618113375,0.0041089199347162,0.6450925538590253,0.6352566159705255,0.6452174761112085,0.6378670815579639,0.6378670815579639,0.7357599258422851,0.0077826370092401,0.7442030310630798,0.7387042045593262,0.7382491827011108,0.7365809679031372,0.7210622429847717,0.5038544478305916,0.0098404466257739,0.4940780570757936,0.4919344215177898,0.5043890638659689,0.5110954097457576,0.5177752869476483,0.731722617149353,0.0070529617106513,0.7383826375007629,0.7255164980888367,0.7370707392692566,0.7210622429847717,0.7365809679031372,0.5132735581717636,0.0082124772272073,0.5020298911421123,0.5262778977681786,0.5091893052551215,0.5177752869476483,0.5110954097457576,0.0,0.0,0,0,0,0,0
-1525,0.658230209350586,0.0023396194732448,0.6545072793960571,0.6605720520019531,0.6564711332321167,0.6598002910614014,0.6598002910614014,0.6483858303666178,0.0053697125043558,0.6566706490025844,0.6417367299393277,0.6523445483017957,0.6455886122946907,0.6455886122946907,0.7432342290878295,0.009949535712968,0.7457820773124695,0.7472515106201172,0.7489115595817566,0.7506253123283386,0.7236006855964661,0.4984543303799548,0.0125393653790969,0.4975749374273978,0.4810206419729431,0.4990898530591715,0.4945490980363979,0.520037121403864,0.7348148107528687,0.011296105322227,0.7379140257835388,0.7204061150550842,0.7415279150009155,0.7236006855964661,0.7506253123283386,0.5143338922513128,0.0154250191699179,0.5105056817051086,0.5404738891606903,0.5061036709505026,0.520037121403864,0.4945490980363979,0.0,0.0,0,0,0,0,0
-1500,0.6600073218345642,0.0019852223646287,0.6572794318199158,0.6599873304367065,0.6583741903305054,0.6621978282928467,0.6621978282928467,0.6433315832406936,0.0041907943802865,0.6483520574023589,0.6414353189814438,0.6483871325248863,0.6392417036473896,0.6392417036473896,0.7359068989753723,0.0104952432070118,0.7394656538963318,0.7430786490440369,0.7451005578041077,0.7360354661941528,0.7158541679382324,0.5045009327515548,0.0097413013345166,0.4975110674666379,0.4975430024470179,0.4964013268984347,0.5096703112463026,0.5213789556993809,0.7314815878868103,0.0079029054936001,0.7344016432762146,0.7338911294937134,0.7372255325317383,0.7158541679382324,0.7360354661941528,0.5128765340951306,0.007425866466888,0.5142948118370514,0.5187006033992418,0.500337988293676,0.5213789556993809,0.5096703112463026,0.0,0.0,0,0,0,0,0
-1475,0.6602688908576966,0.0019951726394359,0.6594066023826599,0.6635384559631348,0.6573786735534668,0.6605103611946106,0.6605103611946106,0.6436273789750413,0.0051432522834422,0.6463885117289838,0.6355068313907102,0.6511365323958835,0.6425525096798146,0.6425525096798146,0.7415316104888916,0.0068182837658514,0.745111882686615,0.7368144392967224,0.7482590675354004,0.7469973564147949,0.7304753065109253,0.490357843225675,0.0117120554218723,0.4816194228550671,0.4811403981493679,0.4853478318144258,0.4909843558514863,0.5126972074580275,0.7358240842819214,0.0102831433063402,0.732140302658081,0.7213484644889832,0.7481589913368225,0.7304753065109253,0.7469973564147949,0.5074150715750803,0.0158371342842351,0.5104698600967184,0.5328409086389111,0.4900830258302583,0.5126972074580275,0.4909843558514863,0.0,0.0,0,0,0,0,0
-1450,0.6676234364509582,0.0114192256800788,0.6553573608398438,0.6593204140663147,0.660537838935852,0.6814507842063904,0.6814507842063904,0.6531054105319123,0.0092088706432311,0.6531454840665203,0.6422874698145791,0.643324770089083,0.6633846643446898,0.6633846643446898,0.7911170601844788,0.0612352179614573,0.7373888492584229,0.7463364601135254,0.7418791055679321,0.8810809254646301,0.8488999605178833,0.496000847075826,0.0071482181685171,0.5024929244059095,0.4823100168057834,0.5001217521126985,0.4960939527122777,0.498985589342461,0.787014651298523,0.064533625133324,0.7396953701972961,0.7311038970947266,0.7342931032180786,0.8488999605178833,0.8810809254646301,0.5028726729780078,0.0089414915846985,0.5001054747358157,0.5205621119371224,0.4986162361623616,0.498985589342461,0.4960939527122777,0.0,0.0,0,0,0,0,0
-1425,0.6615337491035461,0.0012740256675963,0.659954845905304,0.6633257269859314,0.6601987481117249,0.6620947122573853,0.6620947122573853,0.639989516949477,0.0036850173180922,0.643466901116354,0.6332048051998709,0.6431128685833851,0.6400815049238875,0.6400815049238875,0.7383125185966491,0.0064013460335605,0.740679919719696,0.7400053143501282,0.7416942715644836,0.7434597015380859,0.725723385810852,0.4972592328805021,0.0085919177188393,0.4950480821048345,0.4855953279123704,0.4955710174085562,0.4978224335253424,0.5122593034514067,0.7330821514129638,0.0063250388957957,0.732162594795227,0.7278410792350769,0.7362239956855774,0.725723385810852,0.7434597015380859,0.5100013588750337,0.0084572749937746,0.5073215387370893,0.5239709000075574,0.5086326186537727,0.5122593034514067,0.4978224335253424,0.0,0.0,0,0,0,0,0
-1400,0.6603150486946106,0.0018938423953305,0.6572450399398804,0.6622300148010254,0.6589880585670471,0.66155606508255,0.66155606508255,0.642992672264572,0.0055091275047999,0.6515967158136551,0.6359815536493776,0.6467606333106507,0.6403122292745884,0.6403122292745884,0.7479332447052002,0.0075467318758997,0.7505565285682678,0.7482574582099915,0.7532630562782288,0.7541655898094177,0.7334235906600952,0.481665538833853,0.0134697353884589,0.4743342554558918,0.4668694537920793,0.4793999417186608,0.4809807232474682,0.506743319955165,0.7393924951553345,0.0096629266369329,0.7387607097625732,0.72584068775177,0.7447718977928162,0.7334235906600952,0.7541655898094177,0.5005770800096889,0.0144645357604096,0.504786164898804,0.5219781312522622,0.4883970606947448,0.506743319955165,0.4809807232474682,0.0,0.0,0,0,0,0,0
-1375,0.6622657418251038,0.0015730389336808,0.6599084138870239,0.6613463163375854,0.6620954871177673,0.663989245891571,0.663989245891571,0.6389647931508821,0.0040007587217413,0.6460408697563449,0.6364531731481842,0.6407806220949434,0.6357746503774686,0.6357746503774686,0.7349645614624023,0.0064402474157311,0.7352964878082275,0.7397732734680176,0.737089216709137,0.7400853037834167,0.7225785255432129,0.5071079711977232,0.004954742841814,0.5053191701695348,0.5012554439161867,0.5116462881573117,0.5031875102291734,0.5141314435164094,0.7351283311843873,0.0065048593908042,0.7375229597091675,0.7399914860725403,0.7354633808135986,0.7225785255432129,0.7400853037834167,0.5044223811166157,0.0055130654590281,0.504618997392983,0.5031323460973951,0.4970416083471179,0.5141314435164094,0.5031875102291734,0.0,0.0,0,0,0,0,0
-1350,0.6607708930969238,0.0020357504799852,0.6596236228942871,0.6633316278457642,0.6574499607086182,0.6617246270179749,0.6617246270179749,0.6412057625570458,0.0056166544036877,0.646206381900106,0.6319778853007194,0.6478822040416444,0.6399811707713795,0.6399811707713795,0.7394419431686401,0.0060684410820866,0.7418391108512878,0.7365062236785889,0.7470061779022217,0.7425573468208313,0.729300856590271,0.4963769829757803,0.0096725206681747,0.4951039683204994,0.4825255779233481,0.4926290073410536,0.4994032150541497,0.5122231462398509,0.7363791108131409,0.0099721383783333,0.7337368726730347,0.7240844964981079,0.7522159814834595,0.729300856590271,0.7425573468208313,0.5067924209747238,0.0139631777944372,0.5055443889430635,0.5294201878214384,0.4873711668151164,0.5122231462398509,0.4994032150541497,0.0,0.0,0,0,0,0,0
-1325,0.6587689757347107,0.0012574387572806,0.6569135189056396,0.6576048135757446,0.659989058971405,0.6596687436103821,0.6596687436103821,0.6443331968997021,0.0020708973220187,0.6472918490919211,0.6449037612541532,0.6408169733992681,0.6443267003765845,0.6443267003765845,0.7407423257827759,0.0055453611730005,0.7396721243858337,0.7466071248054504,0.7419745922088623,0.7447479367256165,0.7307098507881165,0.5011763527059514,0.0067305297640794,0.5031915021017209,0.4877868659409442,0.5050996171794228,0.5048321617187406,0.5049716165889286,0.7369746088981628,0.0044990263866135,0.7368894815444946,0.7357559204101562,0.7367698550224304,0.7307098507881165,0.7447479367256165,0.5070735082887565,0.003510422998836,0.5078349817906824,0.5136172531611836,0.5041115281842473,0.5049716165889286,0.5048321617187406,0.0,0.0,0,0,0,0,0
-1300,0.6612448930740357,0.0008511420921573,0.6603017449378967,0.6628378033638,0.6608375310897827,0.6611236929893494,0.6611236929893494,0.6394061156979397,0.002847964749375,0.6423922908121483,0.6339878088132563,0.6406695732933174,0.6399904527854883,0.6399904527854883,0.7333103060722351,0.002446987063135,0.735805094242096,0.7339734435081482,0.7315682172775269,0.7357038259506226,0.729500949382782,0.5055841638239275,0.0037498888476451,0.4994231744168871,0.5031236402684135,0.5088040749034964,0.5091034653445584,0.5074664641862818,0.7342129111289978,0.0028212595690807,0.735633909702301,0.7326908707618713,0.7375349998474121,0.729500949382782,0.7357038259506226,0.5089192248794471,0.0062966304782646,0.5025413441063504,0.5206854169898452,0.5047994337701998,0.5074664641862818,0.5091034653445584,0.0,0.0,0,0,0,0,0
-1275,0.6606788635253906,0.0013511953144383,0.6582872271537781,0.6617696285247803,0.6600621342658997,0.6616376638412476,0.6616376638412476,0.6417589128097747,0.0042118046816538,0.6484768008253007,0.6353011627370951,0.6427801654870964,0.6411182174996907,0.6411182174996907,0.7441167235374451,0.0052956687349149,0.7485750913619995,0.7482171058654785,0.746447741985321,0.7430765628814697,0.7342671155929565,0.4892415588558732,0.0120379199792678,0.4788211201992742,0.4712325704864895,0.4964691887317422,0.4971358314471735,0.5025490834146871,0.7383592247962951,0.0060857583355088,0.7408642768859863,0.7285779714584351,0.7450101971626282,0.7342671155929565,0.7430765628814697,0.5035192760534548,0.010972696811673,0.5049732332981751,0.5229128631035485,0.4900253690036901,0.5025490834146871,0.4971358314471735,0.0,0.0,0,0,0,0,0
-1250,0.6603332757949829,0.000841387887576,0.6600401997566223,0.6588360667228699,0.6606204509735107,0.6610848307609558,0.6610848307609558,0.64207138651513,0.0007527974764469,0.6421851236710283,0.6417017130780442,0.6408245096452867,0.6428227930906455,0.6428227930906455,0.7297411322593689,0.0053035542517515,0.7266539335250854,0.7393112182617188,0.7295926809310913,0.7296913266181946,0.7234565019607544,0.5140676911597912,0.0080207682125071,0.5178895768215912,0.5022693795432499,0.5217856444279447,0.5215541158201901,0.5068397391859806,0.7331930875778199,0.0060514229085757,0.7364531755447388,0.7409772276878357,0.7353872060775757,0.7234565019607544,0.7296913266181946,0.5107135954116174,0.0055355924660407,0.5100121395450656,0.5070462871257593,0.5081156953810917,0.5068397391859806,0.5215541158201901,0.0,0.0,0,0,0,0,0
-1225,0.6619473576545716,0.0013030843651199,0.6615136861801147,0.66426682472229,0.6602427363395691,0.6618567705154419,0.6618567705154419,0.6391606972110289,0.0051169441766835,0.6396904767813272,0.6291350923913236,0.64253457252861,0.6422216721769417,0.6422216721769417,0.7398316740989686,0.0028752429796455,0.7409972548484802,0.7380193471908569,0.7423732876777649,0.7426549792289734,0.7351135015487671,0.4885176502651905,0.0068739356162205,0.4850604169910063,0.4775996071997413,0.4975589699372079,0.4890482976659521,0.4933209595320453,0.7398144006729126,0.0072809390899945,0.7421512007713318,0.7288682460784912,0.7502840757369995,0.7351135015487671,0.7426549792289734,0.4972137068445389,0.0115793871682405,0.4948635793747139,0.5198978556853573,0.4889378419646265,0.4933209595320453,0.4890482976659521,0.0,0.0,0,0,0,0,0
-1200,0.6584431171417237,0.0020985132038136,0.6583113670349121,0.6545030474662781,0.659004271030426,0.660198450088501,0.660198450088501,0.6468975751740145,0.0032721887264335,0.6460960404709319,0.6533842688302064,0.6451713720179186,0.6449180972755079,0.6449180972755079,0.7386678695678711,0.0070940791953182,0.7376983165740967,0.7503426671028137,0.738379955291748,0.7389385104179382,0.7279798984527588,0.5029822047855154,0.0088806040033133,0.5028242498273515,0.4861621738141145,0.5118219305494014,0.5073071226981865,0.5067955470385235,0.7362983465194702,0.0047068023696277,0.7349900603294373,0.7418513894081116,0.7377318739891052,0.7279798984527588,0.7389385104179382,0.508361705174098,0.0020713431214818,0.508921570578519,0.5066127306500563,0.5121715549052043,0.5067955470385235,0.5073071226981865,0.0,0.0,0,0,0,0,0
-1175,0.6623171448707581,0.000660866382587,0.6626007556915283,0.6619610786437988,0.6611939072608948,0.6629149913787842,0.6629149913787842,0.6386767310355858,0.0016867069871152,0.6386446704646571,0.635588168024198,0.6387376344610365,0.6402065911140185,0.6402065911140185,0.7291444897651672,0.0026439928159904,0.7276581525802612,0.7338300347328186,0.7286272048950195,0.7259426116943359,0.7296644449234009,0.5078458845153118,0.0088749300137638,0.5027643717391391,0.4999940121911787,0.5178296987333788,0.5193785452818063,0.4992627946310558,0.7331432461738586,0.0050882654000437,0.7338445782661438,0.7353729605674744,0.7408916354179382,0.7296644449234009,0.7259426116943359,0.5069965199168032,0.0069074103264152,0.503807040936138,0.5089316611577152,0.5036025575773,0.4992627946310558,0.5193785452818063,0.0,0.0,0,0,0,0,0
-1150,0.661305820941925,0.0017870677795377,0.6617502570152283,0.6584482192993164,0.6601670980453491,0.6630817651748657,0.6630817651748657,0.6389345892020125,0.0023779908291844,0.6375840190159494,0.6424468186959899,0.6411073405252763,0.6367673838864235,0.6367673838864235,0.7405660390853882,0.0053520899955273,0.7404486536979675,0.7494553327560425,0.7423073649406433,0.7370262145996094,0.7335926294326782,0.4947739080528929,0.0112339646306264,0.4833798386485116,0.4808410077083059,0.5066404799827551,0.5076544156098184,0.4953537983150739,0.7381154298782349,0.0046452063148543,0.7349005341529846,0.7382303476333618,0.7468274235725403,0.7335926294326782,0.7370262145996094,0.501625081004738,0.0081115272748827,0.5099365161495751,0.5062985016447303,0.4888821733044917,0.4953537983150739,0.5076544156098184,0.0,0.0,0,0,0,0,0
-1125,0.660146164894104,0.0023291812178142,0.6615539789199829,0.6556666493415833,0.6600350737571716,0.6617375612258911,0.6617375612258911,0.6421593140617249,0.00303044339224,0.6409257247083264,0.6481962327176276,0.6409754562199521,0.6403495783313591,0.6403495783313591,0.7288859128952027,0.0084980925442599,0.7233297228813171,0.744899570941925,0.7292248606681824,0.7262610793113708,0.7207143306732178,0.5195816209617113,0.0116570782076018,0.5249072887600845,0.4993912394365072,0.5311386018067215,0.5284600553273535,0.5140109194778899,0.7320201754570007,0.0100294597818538,0.7262153625488281,0.748289942741394,0.7386201620101929,0.7207143306732178,0.7262610793113708,0.5132686163141106,0.0111637332430021,0.5202053772214373,0.4954237915110437,0.5082429380328286,0.5140109194778899,0.5284600553273535,0.0,0.0,0,0,0,0,0
-1100,0.662794041633606,0.0007554964801585,0.6613114476203918,0.6634417772293091,0.6631233096122742,0.6630468368530273,0.6630468368530273,0.6375097496178472,0.0035958644309259,0.6412968530092633,0.631756924473506,0.634906561632085,0.6397942044871908,0.6397942044871908,0.7360489010810852,0.0030677326159885,0.7335612773895264,0.7404093742370605,0.7391005158424377,0.733130931854248,0.7340424060821533,0.4970308177851506,0.0095452504297089,0.5002415082891234,0.4799268688949299,0.5033312176408832,0.5073151064432815,0.4943393876575349,0.7388173103332519,0.0064791693901189,0.7441855669021606,0.733847975730896,0.7488796710968018,0.7340424060821533,0.733130931854248,0.4976211484462447,0.0075301587018741,0.4884674321877053,0.5057456176986505,0.4922381982440514,0.4943393876575349,0.5073151064432815,0.0,0.0,0,0,0,0,0
-1075,0.6588144779205323,0.0026854649055622,0.6597500443458557,0.6534966826438904,0.659696102142334,0.6605647802352905,0.6605647802352905,0.6462833400223815,0.004390843010665,0.643528054197583,0.6549629087221239,0.6432217008420648,0.6448520181750678,0.6448520181750678,0.7373456358909607,0.0098197579883774,0.7314556837081909,0.7550017237663269,0.739692747592926,0.7342010736465454,0.7263769507408142,0.5032720407320046,0.0120641925674846,0.5055027963067196,0.4796514296891528,0.5130075166960069,0.5101293765892643,0.5080690843788793,0.7377368688583374,0.009428280717231,0.7319440245628357,0.7533417344093323,0.7428205609321594,0.7263769507408142,0.7342010736465454,0.5049757241495498,0.008307411912488,0.5135505184182769,0.4897119832623335,0.5034176580989949,0.5080690843788793,0.5101293765892643,0.0,0.0,0,0,0,0,0
-1050,0.6622931718826294,0.0004326761845766,0.6628504395484924,0.6624624133110046,0.6625807285308838,0.6617861390113831,0.6617861390113831,0.6387869137076467,0.0024062453918083,0.6381122398335218,0.6348663331052066,0.6383045219692653,0.64132573681512,0.64132573681512,0.7340487122535706,0.004751282355689,0.7322779893875122,0.7421103715896606,0.7360413670539856,0.7317052483558655,0.7281085848808289,0.4999083966790009,0.0103130500220328,0.4900203186312667,0.4850204982655314,0.5103329620891864,0.5064847969534028,0.507683407455617,0.7330561399459838,0.0042113705985749,0.7301583290100098,0.735236406326294,0.7400721311569214,0.7281085848808289,0.7317052483558655,0.5065916064995977,0.0016051641402169,0.5073812414177397,0.507881579418398,0.5035270072528312,0.507683407455617,0.5064847969534028,0.0,0.0,0,0,0,0,0
-1025,0.6600103139877319,0.0011567431421336,0.6596399545669556,0.6579859852790833,0.6602064967155457,0.6611095666885376,0.6611095666885376,0.6420165123904795,0.0012796598934441,0.640365819504465,0.6440403075100973,0.6428304810119849,0.641422976962925,0.641422976962925,0.7420729041099549,0.0093330219896426,0.7418604493141174,0.7526767253875732,0.7507535219192505,0.7382735013961792,0.7268003225326538,0.4930930059285484,0.0105609031955456,0.4862260437748744,0.4769688913372374,0.4948245372421749,0.500441101916498,0.5070044553719573,0.7350005507469177,0.0059448966068384,0.7303324341773987,0.7358659505844116,0.7437305450439453,0.7268003225326538,0.7382735013961792,0.5073215211448083,0.0069162328191639,0.5099046747198949,0.5189671014164171,0.5002902722992747,0.5070044553719573,0.500441101916498,0.0,0.0,0,0,0,0,0
-1000,0.6609350800514221,0.0014414352429321,0.6612812876701355,0.658243715763092,0.6608253121376038,0.6621625423431396,0.6621625423431396,0.6425935734865107,0.0018703184010934,0.6437496233324707,0.6455515731878996,0.6401382679490106,0.6417642014815862,0.6417642014815862,0.7305845618247986,0.0079871389822671,0.7262178063392639,0.7423765659332275,0.735702395439148,0.7296043038368225,0.719021737575531,0.5099040173493025,0.0087838848856047,0.5098419617658447,0.4930162189781605,0.517135112910115,0.5140334279407127,0.5154933651516794,0.7319125175476074,0.008785548724978,0.7275571823120117,0.7431516051292419,0.7402277588844299,0.719021737575531,0.7296043038368225,0.5104340414173894,0.0078255936466063,0.5194531234452427,0.4977188565246271,0.5054714340246851,0.5154933651516794,0.5140334279407127,0.0,0.0,0,0,0,0,0
-975,0.6624167084693908,0.000987477154801,0.661096453666687,0.6630944609642029,0.6639310121536255,0.6619808077812195,0.6619808077812195,0.6383377429913282,0.0041936154662655,0.6433348459119609,0.6320476973975823,0.6348666638590457,0.6407197538940259,0.6407197538940259,0.7397871732711792,0.0059456791755793,0.7408623099327087,0.7426574230194092,0.7483311295509338,0.7364034652709961,0.7306815385818481,0.4887703172407797,0.0090475270519495,0.4835395135504113,0.4754280285339049,0.4872798981274125,0.498345368829064,0.4992587771631052,0.7349522113800049,0.0049647664565107,0.7351865768432617,0.729191243648529,0.7432982325553894,0.7306815385818481,0.7364034652709961,0.5031314283093421,0.0059229050616403,0.4998985054428944,0.514384926553942,0.5037695635577045,0.4992587771631052,0.498345368829064,0.0,0.0,0,0,0,0,0
-950,0.6589806199073791,0.001233681364115,0.6586708426475525,0.6613842844963074,0.6578546166419983,0.6584966778755188,0.6584966778755188,0.6529197066732644,0.0099603734078873,0.6463783195487789,0.6727146843872669,0.647120599885183,0.6491924647725464,0.6491924647725464,0.760010278224945,0.0485715694630045,0.7312302589416504,0.8560041785240173,0.747813880443573,0.7392340898513794,0.7257689833641052,0.5064394763854481,0.0112776470607279,0.5139735498525002,0.4848847745989166,0.5059419022869438,0.5115864100690993,0.5158107451197808,0.7536483645439148,0.0436005789808753,0.7236467003822327,0.8398290872573853,0.7397629618644714,0.7257689833641052,0.7392340898513794,0.5153083890519327,0.0062164518558239,0.5270552647813886,0.5095004554331786,0.5125890698562158,0.5158107451197808,0.5115864100690993,0.0,0.0,0,0,0,0,0
-925,0.6625093936920166,0.0006486853309046,0.6631585359573364,0.6615254282951355,0.6632928252220154,0.6622850894927979,0.6622850894927979,0.6373346121519218,0.0015408353002048,0.6392380326078864,0.6374498239405404,0.634520661505077,0.6377322713530524,0.6377322713530524,0.7320055603981018,0.0035366420614655,0.7262294888496399,0.7318115234375,0.7349106073379517,0.7363666892051697,0.7307094931602478,0.5020693590788495,0.0016732664141004,0.503710445532895,0.5009839965829571,0.5042732995620915,0.499834337289279,0.5015447164270247,0.7337111353874206,0.0041033068610536,0.727434515953064,0.7351788878440857,0.7388660907745361,0.7307094931602478,0.7363666892051697,0.5023797843933556,0.0042960837939685,0.5108678779677208,0.4997434459386894,0.499908544344064,0.5015447164270247,0.499834337289279,0.0,0.0,0,0,0,0,0
-900,0.660898756980896,0.0015167197140381,0.6607279181480408,0.6581444144248962,0.6610434055328369,0.662289023399353,0.662289023399353,0.6411561871858507,0.0003073581777411,0.6407298575930856,0.6416314577297726,0.6413462838549229,0.641036668375736,0.641036668375736,0.7395588159561157,0.0058497426326988,0.7376614809036255,0.7437229752540588,0.7471234798431396,0.7393655776977539,0.7299205660820007,0.492675606197327,0.002787355821428,0.4916949091649402,0.4880343620388888,0.4939583008993689,0.4932198044780826,0.4964706544053544,0.7351251482963562,0.0047084078682937,0.728985607624054,0.7374829649925232,0.7398710250854492,0.7299205660820007,0.7393655776977539,0.5033784641177454,0.007768364924919,0.5124241278433401,0.511680170558731,0.5030975633032192,0.4964706544053544,0.4932198044780826,0.0,0.0,0,0,0,0,0
-875,0.6605666160583497,0.0017786119939566,0.6627328991889954,0.657305896282196,0.6611803770065308,0.6608069539070129,0.6608069539070129,0.643402130875265,0.0036429542392775,0.6395852314422554,0.6474848142067396,0.6384765257019237,0.645732041512703,0.645732041512703,0.7294638156890869,0.0057019614506526,0.7187733054161072,0.7330806851387024,0.7328025102615356,0.7342528700828552,0.7284097075462341,0.5109069089977201,0.0061229783490282,0.5173945846257021,0.5123967601962405,0.5158477340135483,0.5086483918741442,0.500247074278965,0.7335624694824219,0.0061653985434722,0.7254119515419006,0.7427895069122314,0.7369483113288879,0.7284097075462341,0.7342528700828552,0.5073058524470527,0.0068286476952918,0.5187128102051782,0.5002645092260023,0.5086564766509735,0.500247074278965,0.5086483918741442,0.0,0.0,0,0,0,0,0
-850,0.6636771440505982,0.0012853210374889,0.6623005867004395,0.6624203324317932,0.6658392548561096,0.6639127731323242,0.6639127731323242,0.6359810089073734,0.0037341725457089,0.6417570521024253,0.6352803299208885,0.630024625792137,0.6364215183607079,0.6364215183607079,0.735367500782013,0.0031922432536357,0.7365553975105286,0.7323487997055054,0.7400370240211487,0.7366495132446289,0.7312467694282532,0.4950738970222509,0.0041210761921951,0.4904015424595523,0.5016266880631035,0.4913076975278333,0.497463164996068,0.4945703920646973,0.7359835505485535,0.0024786672920833,0.7385502457618713,0.7364914417266846,0.7369797825813293,0.7312467694282532,0.7366495132446289,0.4965723997337343,0.0044785163154799,0.4911500726382615,0.4951095625057178,0.5045688064639268,0.4945703920646973,0.497463164996068,0.0,0.0,0,0,0,0,0
-825,0.6608183264732361,0.0038455660117919,0.660155177116394,0.6559785604476929,0.667815625667572,0.6600711345672607,0.6600711345672607,0.6501117562465533,0.0045784503854761,0.6447413667802282,0.651109945852408,0.6583318741092268,0.6481877972454517,0.6481877972454517,0.7491345405578613,0.0350637564884077,0.7285876274108887,0.737917423248291,0.8188488483428955,0.7332528829574585,0.727065920829773,0.5097006950105385,0.0028123709964994,0.5129037280097721,0.5064169351200954,0.5121093453728209,0.5107720680694107,0.5063013984805936,0.7471137404441833,0.0303427957338604,0.728303074836731,0.7398142218589783,0.8071326017379761,0.727065920829773,0.7332528829574585,0.5115545425641703,0.003227940609667,0.5126907998169118,0.516306098827011,0.5117023476269246,0.5063013984805936,0.5107720680694107,0.0,0.0,0,0,0,0,0
-800,0.6646028995513916,0.0005326610272528,0.6656561493873596,0.6641956567764282,0.6644414067268372,0.6643606424331665,0.6643606424331665,0.6319208058418057,0.0011435333889065,0.6337027924801208,0.6312857482261078,0.6302420686552012,0.6321867099237991,0.6321867099237991,0.7297484755516053,0.0055881267043634,0.7217914462089539,0.7249484062194824,0.7308157682418823,0.7359908223152161,0.7351959347724915,0.5058349196311767,0.0088829950207733,0.5106044094224159,0.5146641438032167,0.5121492640982959,0.5011556471024993,0.4906011337294557,0.7356990933418274,0.0038693942341596,0.7297742366790771,0.7355585098266602,0.7419759631156921,0.7351959347724915,0.7359908223152161,0.4957011186579459,0.0043673280498272,0.5005194133216582,0.49188772080554,0.4943416783305764,0.4906011337294557,0.5011556471024993,0.0,0.0,0,0,0,0,0
-775,0.6609442114830018,0.001226225431218,0.6593989133834839,0.6596912145614624,0.6610811352729797,0.6622748970985413,0.6622748970985413,0.6411328124657575,0.0021390174998779,0.6454105055675892,0.6400175793508671,0.6401025816075699,0.6400666979013807,0.6400666979013807,0.7401399374008178,0.0066577474660846,0.7455618977546692,0.7374762296676636,0.7480149865150452,0.7405932545661926,0.7290533185005188,0.4929494612160394,0.0082356544704728,0.4789308966943302,0.498022027152717,0.4920222427138346,0.4920861126745945,0.5036860268447209,0.7346911311149598,0.0045411410557698,0.7356473803520203,0.7299076914787292,0.7382540106773376,0.7290533185005188,0.7405932545661926,0.5042549005013719,0.0074401282596508,0.5053991124201477,0.515522515104869,0.504580735462527,0.5036860268447209,0.4920861126745945,0.0,0.0,0,0,0,0,0
-750,0.6616032361984253,0.0009741591172688,0.6625974774360657,0.6598050594329834,0.6623240113258362,0.6616448163986206,0.6616448163986206,0.6407527141329196,0.0031239782663786,0.6403941803537306,0.64429606357289,0.6350198269766576,0.6420267498806598,0.6420267498806598,0.7285828948020935,0.0035912696535507,0.7214035987854004,0.7302300333976746,0.7304791212081909,0.730512797832489,0.7302889227867126,0.5119446728000642,0.0075770279589382,0.5152110303422233,0.5171590641454,0.5205162289578419,0.5073131105070078,0.499523930047848,0.733567750453949,0.0041448630923959,0.7298402786254883,0.7377898097038269,0.739406943321228,0.7302889227867126,0.730512797832489,0.50456107339705,0.0042108998534766,0.5112260940516229,0.50144982876508,0.5032924036136912,0.499523930047848,0.5073131105070078,0.0,0.0,0,0,0,0,0
-725,0.6623482346534729,0.0010689127684784,0.6604428887367249,0.6621445417404175,0.6636613607406616,0.6627461910247803,0.6627461910247803,0.6409028629331387,0.0039007433549486,0.6449268201461293,0.6402310049041335,0.6336923394059222,0.6428320751047542,0.6428320751047542,0.7372277975082397,0.0048231928858322,0.7397240996360779,0.7332950830459595,0.7437547445297241,0.7391018271446228,0.7302632331848145,0.4972312494599096,0.0068020219215074,0.4883656874603308,0.503710445532895,0.492058169566762,0.4957466598006458,0.5062752849389144,0.736335015296936,0.0047436987375309,0.7405359148979187,0.7308899164199829,0.7408841848373413,0.7302632331848145,0.7391018271446228,0.5017770052766531,0.0039883404220155,0.4984616609285757,0.5045125671714219,0.5038888535437078,0.5062752849389144,0.4957466598006458,0.0,0.0,0,0,0,0,0
-700,0.6607257723808289,0.0024434516290989,0.6650976538658142,0.6575894355773926,0.6608260869979858,0.6600578427314758,0.6600578427314758,0.6502041924815105,0.0077140600280313,0.664846771649077,0.6493300698209619,0.6420393968343334,0.6474023620515903,0.6474023620515903,0.7555668830871582,0.0363607429193929,0.827873706817627,0.738295316696167,0.743510901927948,0.7368139028549194,0.7313405871391296,0.5044079282169456,0.0055083830769069,0.4935591136446196,0.5055946093753119,0.5075226838157512,0.5068241061199398,0.5085391281291054,0.7519988894462586,0.0338106760333733,0.8194230794906616,0.7335852980613708,0.7388315796852112,0.7313405871391296,0.7368139028549194,0.5100585824455841,0.0036176685956869,0.5084121077036359,0.5170976377138448,0.5094199325613946,0.5085391281291054,0.5068241061199398,0.0,0.0,0,0,0,0,0
-675,0.6637301921844483,0.0006760364111883,0.6649751663208008,0.6633042097091675,0.6629880666732788,0.6636917591094971,0.6636917591094971,0.6351406102072172,0.0015304368588008,0.6347598988226703,0.6364048587446411,0.6323021236697972,0.6361180848994891,0.6361180848994891,0.7335947751998901,0.0052633201084729,0.7265444993972778,0.728895366191864,0.7376967072486877,0.7406320571899414,0.7342052459716797,0.504001456308389,0.0070811616595619,0.5073789764040414,0.5108119867948856,0.5086004894035743,0.4910202827044138,0.5021955462350298,0.7362026572227478,0.0068394911492668,0.7272871136665344,0.7320356965065002,0.7468531727790833,0.7342052459716797,0.7406320571899414,0.4977207728326936,0.0077258672508311,0.5095504388147029,0.4977904530068534,0.4880471434024684,0.5021955462350298,0.4910202827044138,0.0,0.0,0,0,0,0,0
-650,0.6573537230491638,0.0004073464900995,0.6567261219024658,0.6571616530418396,0.6572854518890381,0.6577976942062378,0.6577976942062378,0.6500428675738034,0.0017647269102441,0.6496165524551633,0.6471373051023556,0.6496822585686008,0.6518891108714484,0.6518891108714484,0.7414096832275391,0.0094148362661315,0.7460256814956665,0.7386375069618225,0.754300057888031,0.7423940300941467,0.7256911396980286,0.5021461561326861,0.0103671950158865,0.4913396325082133,0.5128837686470347,0.4924573568215115,0.4979741246821472,0.5160758980045237,0.7316937804222107,0.008008573809634,0.7296055555343628,0.7213781476020813,0.7394000291824341,0.7256911396980286,0.7423940300941467,0.5168954510830884,0.0136981904908985,0.5306891679436407,0.5334991985171573,0.5062388662679731,0.5160758980045237,0.4979741246821472,0.0,0.0,0,0,0,0,0
-625,0.6633981943130494,0.0034944387749778,0.6621440052986145,0.6588279008865356,0.6610745787620544,0.667472243309021,0.667472243309021,0.6480681096423428,0.0078405754995409,0.6408399774531248,0.6448060243185453,0.6397947037922833,0.6574499213238804,0.6574499213238804,0.7602384328842163,0.0391735078001703,0.7237561941146851,0.7296338081359863,0.731882631778717,0.8127825856208801,0.803136944770813,0.5163273580221412,0.0100579214261028,0.5176500644687416,0.5248154756914922,0.5286197302292532,0.5009959722005995,0.5095555475206196,0.763126015663147,0.0369770780952844,0.727332353591919,0.7318595051765442,0.7405186891555786,0.803136944770813,0.8127825856208801,0.5089610811576462,0.0084694383310776,0.5222472088996796,0.5131041450385627,0.4989025321287694,0.5095555475206196,0.5009959722005995,0.0,0.0,0,0,0,0,0
-600,0.668458092212677,0.0103770757066128,0.6595039367675781,0.6598424315452576,0.6606249809265137,0.6811595559120178,0.6811595559120178,0.651493554308406,0.0101457002162748,0.6448481631032441,0.64438161109476,0.640655387418459,0.6637913049627835,0.6637913049627835,0.7787969470024109,0.0579542784965852,0.730875551700592,0.7271137237548828,0.7374743819236755,0.8589581251144409,0.8395629525184631,0.515321795190301,0.0052889842866018,0.5127839718333473,0.5253703459755937,0.5137819399702206,0.5148118430874739,0.509860875084869,0.7794600129127502,0.0574792524729323,0.7318280339241028,0.7268028259277344,0.74014812707901,0.8395629525184631,0.8589581251144409,0.5144035658555943,0.0088422078725525,0.5244203864753528,0.5226980736568698,0.5002266509734062,0.509860875084869,0.5148118430874739,0.0,0.0,0,0,0,0,0
-575,0.656984806060791,0.0012740333921434,0.6573218107223511,0.6550669074058533,0.6590372920036316,0.6567490100860596,0.6567490100860596,0.652348252240345,0.0030099421304748,0.6516002609198132,0.6537464052310757,0.6467996444665113,0.6547974752921625,0.6547974752921625,0.7291330337524414,0.0055276092370205,0.7271336317062378,0.7265254855155945,0.7373393774032593,0.7331708669662476,0.7214958071708679,0.525199684448958,0.0058842032228436,0.5256018745833483,0.5345556447073757,0.5204244158892495,0.5176979669393116,0.5277185201255057,0.7276298761367798,0.0042341081762501,0.7265044450759888,0.7254423499107361,0.7315359115600586,0.7214958071708679,0.7331708669662476,0.5281377561342877,0.008811928866973,0.5356365300802006,0.5402392118022823,0.5193965517241379,0.5277185201255057,0.5176979669393116,0.0,0.0,0,0,0,0,0
-550,0.662222170829773,0.0007897324463144,0.6637440323829651,0.6617352962493896,0.662249743938446,0.661690890789032,0.661690890789032,0.6386283540970983,0.0019258038399238,0.6380326965140971,0.635752392671104,0.6378022533375596,0.6407772139813652,0.6407772139813652,0.722693657875061,0.0071694379901072,0.7187587022781372,0.7103995680809021,0.7282472848892212,0.7291606664657593,0.7269020676612854,0.5258290219316458,0.0159266782060134,0.5202447816246123,0.5523075019260786,0.5340686362565815,0.515937551145867,0.5065866387050897,0.73079993724823,0.0061574052191678,0.7250451445579529,0.730329692363739,0.7425621151924133,0.7269020676612854,0.7291606664657593,0.5119182706117582,0.0091481390511384,0.5230392644629744,0.5170658170550776,0.4969620816897824,0.5065866387050897,0.515937551145867,0.0,0.0,0,0,0,0,0
-525,0.6541185498237609,0.0010045880355184,0.6533347368240356,0.6532291173934937,0.6560197472572327,0.6540045738220215,0.6540045738220215,0.6569116002249121,0.0029448484957286,0.6576617277429373,0.655801983638704,0.6517700203700297,0.6596621346864449,0.6596621346864449,0.733201801776886,0.0090577962369353,0.7361995577812195,0.7308222651481628,0.7472069263458252,0.7326910495758057,0.7190892100334167,0.5236070792583755,0.0075177036746808,0.5210391642615635,0.5365835159615023,0.5132869477743314,0.5243005241328655,0.5228252441616148,0.7259069681167603,0.0051838501143922,0.7263805270195007,0.7211298942565918,0.7302441596984863,0.7190892100334167,0.7326910495758057,0.5332121906958756,0.0108296736641588,0.5453800075623396,0.5473988600248997,0.5261563175976588,0.5228252441616148,0.5243005241328655,0.0,0.0,0,0,0,0,0
-500,0.6593328952789307,0.0017971151040105,0.6613333225250244,0.6564106941223145,0.6611287593841553,0.6588958501815796,0.6588958501815796,0.6457781446389884,0.0030522425137003,0.6437110703030002,0.6513752318204866,0.6424680762402112,0.6456681724156221,0.6456681724156221,0.7197821378707886,0.0043987111980414,0.713192880153656,0.7160451412200928,0.724407434463501,0.7235589027404785,0.7217063307762146,0.5410050231123511,0.0107331968983895,0.5445592773113941,0.5546028286408872,0.5489503371136367,0.5280049818569393,0.5289076906388979,0.7281598329544068,0.0054739432789894,0.7262979745864868,0.734370768070221,0.7348651885986328,0.7217063307762146,0.7235589027404785,0.5254106314433824,0.0051377840348344,0.5283826543811817,0.526496664797203,0.5152611655426899,0.5289076906388979,0.5280049818569393,0.0,0.0,0,0,0,0,0
-475,0.6555945396423339,0.0009564836618318,0.6552424430847168,0.6550689935684204,0.6575031280517578,0.6550790667533875,0.6550790667533875,0.6532764002106225,0.0023048086180773,0.6554365089212596,0.6536096621715065,0.6488202450166574,0.6542577924718446,0.6542577924718446,0.7241986989974976,0.0051832054723829,0.7241609692573547,0.716655433177948,0.7315178513526917,0.727780818939209,0.7208784222602844,0.5390528143621379,0.0087809002266294,0.5391303306468032,0.5559081709639175,0.5353779704521594,0.532324187953327,0.5325234117944824,0.7278691172599793,0.0049432867114907,0.7283989191055298,0.7260655164718628,0.7362219095230103,0.7208784222602844,0.727780818939209,0.5325410944144969,0.0078648612897215,0.541487392783936,0.5379640347004284,0.5184064448403105,0.5325234117944824,0.532324187953327,0.0,0.0,0,0,0,0,0
-450,0.6570946335792541,0.0042404085999183,0.6563813090324402,0.6500869989395142,0.655978798866272,0.6615130305290222,0.6615130305290222,0.6634971923652284,0.0096382906299097,0.653503539788499,0.6630908098025935,0.6521676681746547,0.6743619720301974,0.6743619720301974,0.7539085745811462,0.0391569426525337,0.7160662412643433,0.7228468656539917,0.7277117371559143,0.8069860339164734,0.7959319949150085,0.5442606991202442,0.0090041081077083,0.555896195346275,0.5518324690929268,0.5454933754875074,0.5329828469236634,0.5350986087508487,0.757487154006958,0.0363464059530051,0.7209940552711487,0.735065758228302,0.7284579277038574,0.7959319949150085,0.8069860339164734,0.5380711716580574,0.0070463233078597,0.5511671874067146,0.5393840315979141,0.5317231836111465,0.5350986087508487,0.5329828469236634,0.0,0.0,0,0,0,0,0
-425,0.6581576943397522,0.0011923641053679,0.6601393222808838,0.6564206480979919,0.6583865880966187,0.6579209566116333,0.6579209566116333,0.6481985079693466,0.0017005726454673,0.6472021135922915,0.6510474474037877,0.6459063776590203,0.6484183005958168,0.6484183005958168,0.7162652373313904,0.005899952921461,0.7101917266845703,0.7085031867027283,0.7179217338562012,0.7223818898200989,0.7223276495933533,0.5506301348636914,0.0131334717470342,0.5559121628364649,0.5653409657936442,0.5613650607363407,0.5391902087350156,0.5313422762169915,0.7285489916801453,0.0074042861132716,0.7229510545730591,0.7360780835151672,0.7390062808990479,0.7223276495933533,0.7223818898200989,0.5305711211185662,0.0077455343419658,0.5378694103365241,0.5262619874387949,0.5181917228655045,0.5313422762169915,0.5391902087350156,0.0,0.0,0,0,0,0,0
-400,0.6494148254394532,0.001341592387572,0.6506659388542175,0.647139847278595,0.6508842706680298,0.6491920351982117,0.6491920351982117,0.6662247305067729,0.0024862869186368,0.6631838952917445,0.6697462297035179,0.663590178941512,0.667301674298545,0.667301674298545,0.7260091185569764,0.0066714953129549,0.7238373756408691,0.7238590717315674,0.7369552254676819,0.7286738753318787,0.7167200446128845,0.5429494055291986,0.008329013649649,0.5504033787209242,0.5554051950229333,0.5369268170005869,0.5346913683739906,0.5373202685275578,0.7231285810470581,0.0062539821479134,0.7150712013244629,0.7245041131973267,0.7306736707687378,0.7167200446128845,0.7286738753318787,0.5456157360466813,0.0134808490703553,0.5697904435909174,0.5510065272126295,0.5352700725283115,0.5373202685275578,0.5346913683739906,0.0,0.0,0,0,0,0,0
-375,0.6605051040649415,0.0058023210507018,0.6604580283164978,0.6717201471328735,0.6575910449028015,0.6563781499862671,0.6563781499862671,0.6574227821856227,0.0135776854419685,0.645861177187951,0.6839745999212786,0.6500885508907178,0.6535947914640831,0.6535947914640831,0.7486103653907776,0.0641869106458237,0.7079579830169678,0.8765984773635864,0.7172048091888428,0.7178325057029724,0.7234580516815186,0.5477843998844708,0.0123780723294097,0.5602952388936125,0.5440882363507897,0.562742256765226,0.5425912841454799,0.5292049832672461,0.759644377231598,0.0717155010740305,0.7210209965705872,0.9027072191238404,0.733203113079071,0.7234580516815186,0.7178325057029724,0.5298524913302508,0.0104717977174679,0.5398714402276662,0.5142815094129487,0.5233132395979132,0.5292049832672461,0.5425912841454799,0.0,0.0,0,0,0,0,0
-350,0.6512935161590576,0.0007032611361809,0.651461660861969,0.6511896848678589,0.6525455117225647,0.6506353616714478,0.6506353616714478,0.6606788214405902,0.0013062742290043,0.6622708088868721,0.6621076781782013,0.6588913295489557,0.6600621452944608,0.6600621452944608,0.7232368350028991,0.0044351900030074,0.722972571849823,0.7154396176338196,0.7261562943458557,0.7286136150360107,0.7230020761489868,0.547590431924641,0.011603868770904,0.5510620376912605,0.5664347388716573,0.5493535162409335,0.5381084112746448,0.5329934555447084,0.7278002262115478,0.0036119927319221,0.7245407700538635,0.7298917770385742,0.732952892780304,0.7230020761489868,0.7286136150360107,0.5381852031202355,0.0072486968262031,0.5495074528846345,0.5418381999053336,0.5284784959918565,0.5329934555447084,0.5381084112746448,0.0,0.0,0,0,0,0,0
-325,0.6534914970397949,0.0032845538665587,0.6528787016868591,0.6482090950012207,0.6523930430412292,0.6569883227348328,0.6569883227348328,0.6726891191615507,0.0110675939743829,0.6610942767806183,0.6708007248047034,0.660573242336857,0.6854886759427874,0.6854886759427874,0.755285894870758,0.0495638367426534,0.7085490226745605,0.7153421640396118,0.7209539413452148,0.8168715834617615,0.8147127628326416,0.5541405521525304,0.0149597678174059,0.5733686214866531,0.5665904219010096,0.5553253575719834,0.5428507558610669,0.5325676039419395,0.7619868278503418,0.0441582122596626,0.7204025983810425,0.7338920831680298,0.7240551114082336,0.8147127628326416,0.8168715834617615,0.544198604858504,0.0078060462005711,0.5570618320762603,0.543230353726398,0.5452824786868559,0.5325676039419395,0.5428507558610669,0.0,0.0,0,0,0,0,0
-300,0.6578529357910157,0.0034293894244758,0.658211886882782,0.6608402132987976,0.6622763872146606,0.653968095779419,0.653968095779419,0.6620123433410955,0.0097429179038966,0.6503193697510272,0.6761937646937842,0.6706598426697816,0.6564443697954421,0.6564443697954421,0.7487746238708496,0.0373523489640361,0.7092359066009521,0.783057689666748,0.8036144375801086,0.7234118580818176,0.7245532274246216,0.5476025511122882,0.0132755903482392,0.5583911156884582,0.5640555828333513,0.5468067015556327,0.5428587396061619,0.5259006158778368,0.7595866203308106,0.0467041954604269,0.7181227207183838,0.8282455205917358,0.8035997748374939,0.7245532274246216,0.7234118580818176,0.5368758387569275,0.0095651620698616,0.5522259149435811,0.5292531293629107,0.5341407939941469,0.5259006158778368,0.5428587396061619,0.0,0.0,0,0,0,0,0
-275,0.6447306632995605,0.0031675968653657,0.647962212562561,0.6443091034889221,0.648754894733429,0.6413135528564453,0.6413135528564453,0.6737156069540694,0.0043554051262068,0.6670877218793316,0.6758240930189676,0.6700797733806491,0.6777932232456993,0.6777932232456993,0.7205392718315125,0.0073589383075989,0.7121229767799377,0.7120054364204407,0.727581262588501,0.7292639017105103,0.7217227816581726,0.5534463127428415,0.012335857197233,0.5643509814018658,0.5720992060165503,0.54246354422396,0.544826732772076,0.5434910992997553,0.720894992351532,0.0077407182825996,0.709083080291748,0.7287573218345642,0.7156478762626648,0.7217227816581726,0.7292639017105103,0.5558182893989698,0.0125798517769744,0.5783080260303688,0.5537470814489537,0.5587185074436951,0.5434910992997553,0.544826732772076,0.0,0.0,0,0,0,0,0
-250,0.6511095523834228,0.0021307345368408,0.6532612442970276,0.6511015295982361,0.6537154912948608,0.6487347483634949,0.6487347483634949,0.6633302993753786,0.0035835310768399,0.658824744131963,0.6645473339314272,0.6593390712241746,0.6669701737946642,0.6669701737946642,0.7154569745063781,0.0081529229230397,0.7039567232131958,0.7084007859230042,0.7171432971954346,0.7254984378814697,0.7222856283187866,0.5546357728210711,0.0135089663190148,0.5658239823718909,0.5728776211633115,0.5547824629055244,0.5369228251280393,0.542771972536589,0.7231494665145874,0.005682496898048,0.7178618311882019,0.7327967286109924,0.7173047065734863,0.7222856283187866,0.7254984378814697,0.5481716939936796,0.0076658104416485,0.5572648211904715,0.548281883305689,0.5556169678076092,0.542771972536589,0.5369228251280393,0.0,0.0,0,0,0,0,0
-225,0.6485812187194824,0.0033310970528861,0.6434104442596436,0.6459985971450806,0.6500006914138794,0.6517481803894043,0.6517481803894043,0.6791518233434155,0.0116795325508875,0.6740186259877552,0.6717652398699324,0.6641957384745308,0.6928897561924294,0.6928897561924294,0.7520646095275879,0.0523048927944728,0.7094790935516357,0.7043116092681885,0.7147690057754517,0.8208282589912415,0.8109350800514221,0.5651982276394382,0.0169641799804926,0.5752088747310476,0.5928050489203981,0.5602832632759701,0.5518204934752844,0.5458734577944904,0.7594849586486816,0.0465944778988062,0.7234207987785339,0.7311402559280396,0.7111003994941711,0.8109350800514221,0.8208282589912415,0.5545644528840167,0.0057860316609227,0.5632669306851877,0.5543715618772598,0.5574898205878611,0.5458734577944904,0.5518204934752844,0.0,0.0,0,0,0,0,0
-200,0.6515351414680481,0.0112401248898476,0.6437408924102783,0.6431462168693542,0.6735283136367798,0.6486301422119141,0.6486301422119141,0.6896642066822041,0.0106299462922502,0.6755483392950203,0.6811878783150773,0.6881124585229401,0.7017361786389915,0.7017361786389915,0.7810452818870545,0.0670997170821581,0.6976306438446045,0.7037073969841003,0.8598289489746094,0.8238181471824646,0.8202412724494934,0.5673745922415268,0.018305506158002,0.5885337452945802,0.5891165586865142,0.5627861673632485,0.5480601495355456,0.548376340327745,0.7797827243804931,0.0454290689773548,0.7190651893615723,0.7306540012359619,0.8051350116729736,0.8202412724494934,0.8238181471824646,0.5636855327648693,0.014512395862837,0.5697387012676869,0.5654411735458953,0.5868112991474741,0.548376340327745,0.5480601495355456,0.0,0.0,0,0,0,0,0
-175,0.6492901086807251,0.0031268430600141,0.6541253328323364,0.6474561095237732,0.651861846446991,0.6465036273002625,0.6465036273002625,0.6734196662735533,0.0075811645158239,0.6871031696794161,0.6705697908207953,0.6638705716242606,0.6727773996216474,0.6727773996216474,0.7265515804290772,0.0312863647253352,0.78749680519104,0.6984931826591492,0.7109779119491577,0.7181925773620605,0.7175974249839783,0.5686859484739538,0.0171647409906464,0.5733566458690107,0.5993996223688569,0.5634088994806574,0.5573013344829927,0.5499632401682515,0.7380853891372681,0.0362222063997622,0.8080782890319824,0.7375501990318298,0.7090084552764893,0.7175974249839783,0.7181925773620605,0.5586984517171809,0.0064029892104024,0.5647515373440268,0.5543437188008384,0.5671324277897951,0.5499632401682515,0.5573013344829927,0.0,0.0,0,0,0,0,0
-150,0.6391182780265808,0.0026755578573405,0.6378803253173828,0.6391422152519226,0.6442676782608032,0.6371505856513977,0.6371505856513977,0.684926011845517,0.003034018251775,0.6838221739299983,0.6878011893321796,0.6794710441912167,0.6867678258870953,0.6867678258870953,0.7075923562049866,0.0075337622982468,0.6975871920585632,0.6992540955543518,0.7131370902061462,0.7148607969284058,0.7131226062774658,0.5819606763629336,0.0152952854501708,0.5974436048205853,0.6034992754751326,0.5672610564889884,0.5714644982814989,0.5701349467484624,0.7155334711074829,0.0081778385580932,0.7198886871337891,0.7273142337799072,0.7024810314178467,0.7131226062774658,0.7148607969284058,0.5749338025940512,0.0041316002286404,0.579836414655018,0.57340827098473,0.5798248823005472,0.5701349467484624,0.5714644982814989,0.0,0.0,0,0,0,0,0
-125,0.6474905133247375,0.0019053574160928,0.6473110914230347,0.6473472118377686,0.651068389415741,0.6458629369735718,0.6458629369735718,0.6716204615316024,0.0021482780398898,0.6710181367631054,0.6733394472477634,0.6676573135942795,0.6730437050264316,0.6730437050264316,0.7009884119033813,0.0115859458732034,0.6888848543167114,0.6882492899894714,0.7004249691963196,0.7092565894126892,0.7181263566017151,0.582342813576652,0.0188036067453172,0.5957191158800682,0.6115349149132366,0.5773285590537666,0.5653649170289291,0.5617665610072595,0.7186322212219238,0.0125328761316746,0.7240689992904663,0.7389897704124451,0.7027193903923035,0.7181263566017151,0.7092565894126892,0.5644352492784591,0.0056657680308745,0.5606002109494717,0.5594032035448213,0.5750413538618144,0.5617665610072595,0.5653649170289291,0.0,0.0,0,0,0,0,0
-100,0.642702865600586,0.0024518499736589,0.6397992372512817,0.6425487399101257,0.647232711315155,0.6419668197631836,0.6419668197631836,0.6779127208006226,0.0036816474955302,0.6827240772974946,0.6805269904647757,0.6718403734431556,0.6772360813988436,0.6772360813988436,0.7077306628227233,0.0073756488411573,0.7019714117050171,0.6962050199508667,0.7114356756210327,0.7143505215644836,0.7146906852722168,0.579469273906845,0.0194336957434859,0.5896993720784482,0.6126925579520096,0.564255176460726,0.5703347983505583,0.5603644646924828,0.7183966040611267,0.0109657323448742,0.7282652258872986,0.7326924800872803,0.7019841074943542,0.7146906852722168,0.7143505215644836,0.5682471948479738,0.0052022327179956,0.5661565404286653,0.5681061537176473,0.5762740170505154,0.5603644646924828,0.5703347983505583,0.0,0.0,0,0,0,0,0
-75,0.6429948568344116,0.0027162117541724,0.6425296664237976,0.6420161724090576,0.6483079791069031,0.6410602331161499,0.6410602331161499,0.6805214326804979,0.0038863299843041,0.6793814853285781,0.6844178513299315,0.6734650994230338,0.6826713636604728,0.6826713636604728,0.704145097732544,0.0087302706311332,0.691845715045929,0.6960924863815308,0.7067947387695312,0.7122020721435547,0.7137904763221741,0.5843146514752238,0.0189089968189326,0.6049363495922302,0.6096567388796411,0.5707180181151177,0.5705383838504805,0.5657237669386492,0.716697347164154,0.0134695377025052,0.7280735969543457,0.7339608669281006,0.6954597234725952,0.7137904763221741,0.7122020721435547,0.5737612070400443,0.0081926989618492,0.5713546538239567,0.5716104037643839,0.589578826822751,0.5657237669386492,0.5705383838504805,0.0,0.0,0,0,0,0,0
-50,0.64936842918396,0.0032942254158741,0.646295964717865,0.647794246673584,0.6557577252388,0.6484971046447754,0.6484971046447754,0.6735125764485215,0.0058851630568819,0.6727902467039375,0.6708765207955831,0.6850225976553409,0.669436758543873,0.669436758543873,0.718368923664093,0.0393374122454745,0.6891177296638489,0.6867124438285828,0.7942587733268738,0.7088912725448608,0.7128643989562988,0.5826824079972214,0.023101456793338,0.6020182907600126,0.6173271219796493,0.563349021392445,0.5731131416436136,0.5576044642103868,0.7319761872291565,0.0239666983758504,0.7275344729423523,0.7344802618026733,0.7761105298995972,0.7128643989562988,0.7088912725448608,0.5639777548041163,0.0050452999216969,0.5631515055025971,0.5624420764570879,0.5635775862068965,0.5576044642103868,0.5731131416436136,0.0,0.0,0,0,0,0,0
-25,0.6413533210754394,0.0020617037000359,0.6408008933067322,0.6409434676170349,0.6453683376312256,0.6398269534111023,0.6398269534111023,0.6817098099377168,0.0030362385258489,0.6814764214989417,0.6858601914136884,0.6764292823055593,0.6823915772351974,0.6823915772351974,0.7030503749847412,0.0100638114428337,0.6901125311851501,0.6927943825721741,0.7053312659263611,0.7112763524055481,0.7157373428344727,0.5888604987708116,0.0185402752829843,0.6087286285123489,0.6128721922166469,0.5795799751705528,0.5771609004067717,0.5659607975477375,0.7162086009979248,0.0093299721479877,0.7215822339057922,0.7300404906272888,0.7024065852165222,0.7157373428344727,0.7112763524055481,0.5758956750783047,0.0056217970688817,0.5778622460148461,0.5752856898519941,0.5832087415701743,0.5659607975477375,0.5771609004067717,0.0,0.0,0,0,0,0,0
0,0.65259850025177,0.002889735992681,0.6506866812705994,0.6485137343406677,0.6520905494689941,0.6558507680892944,0.6558507680892944,0.6752768877451485,0.0096932873484852,0.6664538125844178,0.6707335722162925,0.6653157576254618,0.6869406481497852,0.6869406481497852,0.7354665637016297,0.0523310832373049,0.6870038509368896,0.6901926398277283,0.7016671299934387,0.7961344122886658,0.8023347854614258,0.5809322629655002,0.0231986039129881,0.6021420388089849,0.612524899305015,0.5777796406516333,0.5565748136793488,0.5556399223825191,0.7522711157798767,0.0402170463907476,0.7199152708053589,0.7403838634490967,0.7025872468948364,0.8023347854614258,0.7961344122886658,0.5650390863199443,0.008853160395044,0.5702720452148302,0.563456359955292,0.5792522903677313,0.5556399223825191,0.5565748136793488,0.0,0.0,0,0,0,0,0
25,0.654083001613617,0.0123857084750927,0.6408892273902893,0.6450073719024658,0.6463342905044556,0.669092059135437,0.669092059135437,0.6869045736062758,0.0120544533722393,0.683110493868739,0.6768267277053407,0.6724419431988705,0.7010718516292145,0.7010718516292145,0.7757675528526307,0.094551919226251,0.6950417160987854,0.6917771697044373,0.7094338536262512,0.8955988883972168,0.8869861364364624,0.5820909218723533,0.0274147811515158,0.6065810010817975,0.6195226518807707,0.5781868116514776,0.5584988962472406,0.54766524850048,0.7897701382637023,0.0832937074930618,0.7305485606193542,0.7275741696357727,0.7081429362297058,0.8869861364364624,0.8955988883972168,0.564197486840342,0.0106654644722506,0.5635614639097295,0.5763795249971162,0.5748823005471434,0.54766524850048,0.5584988962472406,0.0,0.0,0,0,0,0,0
50,0.6461722373962402,0.002368727309098,0.6461124420166016,0.6450743675231934,0.6507532596588135,0.6444605588912964,0.6444605588912964,0.6742987157356517,0.004452208096317,0.6761598701073105,0.6795930597467439,0.666108393383176,0.6748161277205142,0.6748161277205142,0.7016864895820618,0.0092677760081674,0.6887905597686768,0.6958409547805786,0.7006821632385254,0.7074957489967346,0.7156230211257935,0.5859192396926446,0.0174724419123274,0.6069682127189043,0.6050820529402137,0.5796598126215027,0.5760351923483786,0.5618509278342232,0.7170790076255799,0.0140760021341325,0.7258893847465515,0.7383999228477478,0.6979869604110718,0.7156230211257935,0.7074957489967346,0.5712204013927871,0.0088130571345788,0.5684411630082191,0.5638700285192655,0.585904695253849,0.5618509278342232,0.5760351923483786,0.0,0.0,0,0,0,0,0
75,0.6476719379425049,0.0009372574536632,0.6468102335929871,0.647660493850708,0.6494675278663635,0.6472107172012329,0.6472107172012329,0.6709320749254212,0.0018621119206813,0.6727676466521789,0.6713476970429813,0.667340791261501,0.6716021198352221,0.6716021198352221,0.7039896249771118,0.0076375315478186,0.6960425972938538,0.6937116384506226,0.707801878452301,0.7097010016441345,0.7126910090446472,0.5831338137137199,0.0161709959395801,0.5936832608808466,0.6087924984731088,0.5748895249272481,0.5754324195937073,0.5628713646936881,0.7177834987640381,0.0099349985220999,0.7241259813308716,0.7342130541801453,0.7081864476203918,0.7126910090446472,0.7097010016441345,0.5671923539805782,0.0060590918273989,0.5655475730860315,0.5592838760744444,0.5728265364550197,0.5628713646936881,0.5754324195937073,0.0,0.0,0,0,0,0,0
