lags,train_bce_mean,train_bce_std,train_bce_fold_1,train_bce_fold_2,train_bce_fold_3,train_bce_fold_4,train_bce_fold_5,train_roc_auc_mean,train_roc_auc_std,train_roc_auc_fold_1,train_roc_auc_fold_2,train_roc_auc_fold_3,train_roc_auc_fold_4,train_roc_auc_fold_5,train_f1_mean,train_f1_std,train_f1_fold_1,train_f1_fold_2,train_f1_fold_3,train_f1_fold_4,train_f1_fold_5,val_bce_mean,val_bce_std,val_bce_fold_1,val_bce_fold_2,val_bce_fold_3,val_bce_fold_4,val_bce_fold_5,val_roc_auc_mean,val_roc_auc_std,val_roc_auc_fold_1,val_roc_auc_fold_2,val_roc_auc_fold_3,val_roc_auc_fold_4,val_roc_auc_fold_5,val_f1_mean,val_f1_std,val_f1_fold_1,val_f1_fold_2,val_f1_fold_3,val_f1_fold_4,val_f1_fold_5,test_bce_mean,test_bce_std,test_bce_fold_1,test_bce_fold_2,test_bce_fold_3,test_bce_fold_4,test_bce_fold_5,test_roc_auc_mean,test_roc_auc_std,test_roc_auc_fold_1,test_roc_auc_fold_2,test_roc_auc_fold_3,test_roc_auc_fold_4,test_roc_auc_fold_5,test_f1_mean,test_f1_std,test_f1_fold_1,test_f1_fold_2,test_f1_fold_3,test_f1_fold_4,test_f1_fold_5,num_epochs_mean,num_epochs_std,num_epochs_fold_1,num_epochs_fold_2,num_epochs_fold_3,num_epochs_fold_4,num_epochs_fold_5
-800,0.7051829931610509,0.0051214053610222,0.7046857526427821,0.7093267698036997,0.6971731079252143,0.7028898402264244,0.7118394952071341,0.5055988460126013,0.018730107116571,0.4727654971555424,0.5219771219603662,0.522703232937345,0.4976900942538861,0.5128582837558666,0.5076818133483559,0.0140587591979542,0.4835489911337124,0.5253370643726805,0.5171242998967979,0.5067409461035202,0.5056577652350687,0.6949972975999117,0.0028172080690956,0.6932491101324558,0.6931578479707241,0.7004495728760958,0.6931221559643745,0.6950078010559082,0.5239803193717844,0.0058758089302301,0.5254924085078552,0.5143302401647174,0.52408158334251,0.5327373780793563,0.523259986764483,0.3047075749815883,0.0435393936171711,0.2865788176052107,0.3911185510636193,0.2865788176052107,0.2865788176052107,0.2726828710286896,0.6950501419603825,0.0027531843605436,0.6932947225868702,0.6930457204580307,0.700376071035862,0.6934895757585764,0.695044619962573,0.509938671446562,0.023602035186458,0.5155699783831283,0.5315256195195803,0.5327247505446633,0.4688406933794223,0.5010323154060153,0.3053110898153061,0.0385044564756635,0.2920138538372269,0.3808275663743966,0.2944523402310067,0.2726828710286896,0.2865788176052107,2.4,1.2000000000000002,4,1,3,3,1
-775,0.6982925879327875,0.0074139670850096,0.7123892608441804,0.6963884516766197,0.6968319027047408,0.6903995394706726,0.6954537849677237,0.5126988570759614,0.0195695428147624,0.4992527707097346,0.4924354403408606,0.5115221319519032,0.5490300969775099,0.5112538453997989,0.5076909991315637,0.0129732300795954,0.4989147637510223,0.4960745774602577,0.5101605363115722,0.5318650901970607,0.5014400279379049,0.6949277054518461,0.0026728547931423,0.694618621841073,0.6931287590414286,0.6931734699755907,0.7001643739640713,0.693553302437067,0.5251008887434173,0.0084653041110176,0.5115951418712248,0.525911382534895,0.5271083722127707,0.5228916096363458,0.53799793746185,0.32561552167327,0.0537231565563335,0.2865788176052107,0.3911185510636193,0.3911185510636193,0.2865788176052107,0.2726828710286896,0.6950718127191067,0.0028082091026363,0.6945924572646618,0.6931324899196625,0.6933258287608624,0.7005978897213936,0.6937103979289532,0.5031209305639965,0.0136562609930404,0.5133371930716315,0.5248280576679627,0.4906193435777632,0.4958598301650418,0.4909602283375834,0.3246576502222369,0.0461272295326024,0.2920138538372269,0.3808275663743966,0.3812393886033031,0.2826286246910474,0.2865788176052107,9.0,6.356099432828281,1,11,6,20,7
-750,0.70226633962832,0.0110984238258079,0.6947109743168479,0.6901494923390841,0.7106708495240462,0.696113393808666,0.7196869881529557,0.5116080503222323,0.0183960096860245,0.5154188296122162,0.5411433596779233,0.4872071372743495,0.5163494921385539,0.4979214329081188,0.5065130899230373,0.0146881647548312,0.5103977491553632,0.5224899417994737,0.4889628897114368,0.5211320967464912,0.4895827722024216,0.6952130384743214,0.0024615160728833,0.6932124048471451,0.6944602038711309,0.6998865753412247,0.6952631361782551,0.693242872133851,0.51786142358338,0.0091647828964214,0.5227620774800534,0.5247150946855862,0.5211129004724205,0.5209843841195729,0.4997326611592673,0.3050350583794051,0.0434077647884191,0.3911185510636193,0.2882162345942948,0.2865788176052107,0.2865788176052107,0.2726828710286896,0.6952880583703518,0.0025070740952694,0.6932240650057793,0.6946852151304483,0.7000273764133453,0.6952994074672461,0.69320422783494,0.5091906949135948,0.0107486740164749,0.5203986685379088,0.5095200858815397,0.4900555657974162,0.5076544757137342,0.5183246786373752,0.3086851983072113,0.0397203189913708,0.3853802563314487,0.3043317063397011,0.2944523402310067,0.2726828710286896,0.2865788176052107,9.6,9.666436778875656,13,27,2,5,1
-725,0.7041517602769952,0.0092965769435814,0.6978613426810817,0.6960230043059901,0.720976131840756,0.7074510342196414,0.6984472883375068,0.4956184148233941,0.0087409075948449,0.4966823537749886,0.4898014233440002,0.4833851608723505,0.498957532468414,0.509265603657217,0.50049499196244,0.0081273499772689,0.4930658956980914,0.4938281551894871,0.4994668594069016,0.5004673881462511,0.5156466613714683,0.6941575739532709,0.001314159217796,0.6936675813049078,0.6932816728949547,0.6932199038565159,0.6967403255403042,0.693878386169672,0.5200634348521287,0.0030255088069423,0.5185145234845161,0.5189930290130137,0.5160671915625628,0.5218928981772442,0.5248495320233064,0.3734798744945043,0.0439093258758628,0.3911185510636193,0.3911185510636193,0.2865788176052107,0.3911185510636193,0.4074649016764532,0.6942339345812798,0.0014560737518501,0.6936673633754253,0.6932626105844975,0.693191334605217,0.6970925871282816,0.6939557772129774,0.5093823917624326,0.0168168300747945,0.5177308792995924,0.5233924819622335,0.5227994985921341,0.4786867308031595,0.5043023681550434,0.3717583744959291,0.0397031440741761,0.3849285131341698,0.3808275663743966,0.2944523402310067,0.4074649016764532,0.3911185510636193,5.0,3.63318042491699,7,11,1,2,4
-700,0.6942503306740209,0.0015137740327348,0.6945387081096047,0.6913776454172637,0.6943617444289358,0.6956481180692974,0.6953254373450029,0.5137430070294269,0.0127811780220056,0.5045879123121816,0.5348246026099929,0.5081834606049211,0.5214536914525578,0.4996653681674806,0.5114638008656068,0.0096220136118177,0.501759533724344,0.5217992036938882,0.5083808348345655,0.5238568992498632,0.5015225328253731,0.6953727688640357,0.0033070977172117,0.693100094795227,0.6945542301982641,0.6942198351025581,0.7018831092864275,0.6931065749377012,0.5168685471736467,0.0081880696896284,0.5259850186504296,0.5227133005842735,0.5185466554144142,0.514741678073147,0.5023560831459689,0.3484689539529851,0.0814235647726852,0.4905454659586473,0.2886498608662652,0.2865788176052107,0.2865788176052107,0.3899918077295916,0.6954267293214798,0.0032726695373713,0.6931445300579071,0.6947755310684443,0.6941892635077238,0.7018532417714596,0.6931710802018642,0.5057494887753013,0.0069438001421239,0.509452867793407,0.5128453447088276,0.5117043351446959,0.4965959821629201,0.498148914066656,0.3390951090267639,0.0687807616178626,0.4575011231531222,0.2953983557154108,0.2944523402310067,0.2726828710286896,0.3754408550055902,13.2,5.5641710972974225,14,20,18,5,9
-675,0.7039857886966907,0.0036085319849803,0.703209274066122,0.7005977894130506,0.7049229559145476,0.710444038165243,0.7007548859244899,0.4930907420212714,0.0066417474426462,0.4867022534670467,0.5034298227011671,0.4874879117035577,0.4983944730397311,0.4894392491948542,0.4977816888428958,0.0041651114566338,0.4928944769018227,0.5040872099044005,0.4935700464619882,0.4983248204943047,0.5000318904519631,0.6941593654453755,0.0006786555932674,0.6947281379252672,0.6949585936963558,0.6940727811306715,0.6940246652811766,0.6930126491934061,0.5283441525325357,0.0059119397295663,0.5345434585825573,0.517111246888512,0.5294813447944949,0.5310865195417972,0.5294981928553173,0.3481957858175317,0.0817017904851062,0.3911185510636193,0.2865788176052107,0.2865788176052107,0.2865788176052107,0.490123925208407,0.6942477472126484,0.0006712851378738,0.69477254524827,0.6949608605355024,0.6942711248993874,0.6941972766071558,0.6930369287729263,0.5102226791378476,0.0157254572675808,0.5198477112906202,0.5228450183453046,0.4820953435249566,0.5037804615787089,0.5225448609496477,0.3474276188870704,0.0812963377140782,0.3853802563314487,0.2943755681901046,0.2944523402310067,0.2726828710286896,0.4902470586541027,3.4,0.8,4,4,3,2,4
-650,0.7035236963472868,0.0086984570896759,0.6945490906113072,0.704294657079797,0.7163041949272155,0.6933815153021562,0.7090890238159582,0.5091360308041417,0.0110083886606548,0.5156188478258172,0.5021900811073422,0.5139038050362243,0.5225344870190818,0.4914329330322431,0.5093274125322675,0.0109265445456652,0.5129577085555315,0.512205064545096,0.4924601420779522,0.52540029078588,0.5036138566968785,0.6940197415649891,0.0008270918391045,0.6931326072663069,0.6950711496174335,0.6932681165635586,0.6936847250908613,0.6949421092867851,0.5281418677519897,0.0111997919690422,0.515253757807756,0.5236636188432096,0.523567801025836,0.5296409299828326,0.548583231100314,0.32561552167327,0.0537231565563335,0.3911185510636193,0.2865788176052107,0.3911185510636193,0.2865788176052107,0.2726828710286896,0.6941832199692726,0.0009244215979745,0.6931469906121492,0.6951396930962801,0.6932669281959534,0.6939925793558359,0.6953699085861444,0.5038307542983139,0.0114862251113063,0.5218492022032136,0.5005892418422156,0.5113668894165473,0.4896111260478441,0.4957373119817488,0.3238668384498842,0.0486677994020216,0.384457546822113,0.2943755681901046,0.3812393886033031,0.2726828710286896,0.2865788176052107,5.6,4.841487374764082,11,2,1,12,2
-625,0.6998374974100213,0.0036476636860345,0.7032495561398958,0.695031221916801,0.7048348658963254,0.6976360590834366,0.6984357840136478,0.4988103620329751,0.0108261515260316,0.4894657733602232,0.514089253558395,0.4962921182957339,0.5083514577557962,0.4858532071947271,0.5062127073494058,0.0076629552299761,0.5001602594805363,0.5169455546783732,0.4995094182104271,0.514108850827261,0.5003394535504314,0.6934350546449423,0.000361492110011,0.693055771291256,0.6931709032505751,0.6934669706970453,0.6933860220015049,0.6940956059843302,0.5188746149239784,0.0063707918153404,0.5241547237914304,0.5115920204243479,0.5150258388942659,0.5285117098660176,0.5150887816438297,0.2932776309591004,0.0210453804643081,0.3339688309511799,0.2865788176052107,0.2865788176052107,0.2865788176052107,0.2726828710286896,0.6934384949505329,0.0004195276447117,0.692924851551652,0.6931721102446318,0.6934641730040312,0.6934550832957029,0.6941762566566467,0.5143455454390655,0.0137454064622974,0.5329576191741803,0.4981144092537545,0.5236154881736997,0.5180337423373484,0.4990064682563442,0.305418890373649,0.03763963244735,0.3790048548132334,0.2943755681901046,0.2944523402310067,0.2726828710286896,0.2865788176052107,5.4,1.8547236990991407,4,8,3,5,7
-600,0.6976373435321606,0.0029222752782788,0.7011339526427419,0.6943178289815,0.6957379755220915,0.7011782470502351,0.695818713464235,0.5007811840417232,0.0093675333413253,0.4864465113747668,0.5150353002164072,0.4965056286029903,0.5040368545548815,0.50188162545957,0.5038198301585395,0.0041936778455382,0.5052497193332913,0.510996538938582,0.501848718166438,0.502561798070647,0.498442376283739,0.693846270814538,0.0007894372057226,0.695124538615346,0.6943786796182394,0.6932465508580208,0.6930108405649662,0.6934707444161177,0.5219413342100395,0.0019504873780987,0.5222856534268107,0.5253948943119682,0.5217548683904595,0.5205941297654122,0.5196771251555468,0.3435942054678957,0.0506882338576423,0.2865788176052107,0.3911185510636193,0.2865788176052107,0.3462299393889845,0.4074649016764532,0.6939081773161888,0.000734771692476,0.6950844097882509,0.6944464184343815,0.6932175233960152,0.6932842079550028,0.6935083270072937,0.5030777400529401,0.018111955804872,0.5143191187155395,0.4851824646901148,0.5305538792451455,0.4821337150113663,0.5031995226025346,0.3412962071016975,0.0417467591931599,0.2920138538372269,0.3808275663743966,0.2944523402310067,0.3480687240022376,0.3911185510636193,8.0,3.4641016151377544,5,11,9,3,12
-575,0.7020624966370431,0.0131488474821042,0.6960229265062432,0.6969197285802741,0.6980517901872334,0.6913555164086191,0.7279625215028461,0.5055140579100026,0.0158569843198815,0.49754138434563,0.5032480176806378,0.4902429481729001,0.5360163491387373,0.5005215902121077,0.5028800533362375,0.0120334161362115,0.4915067313411123,0.5072146680149233,0.4972471703830831,0.5244451001199916,0.4939865968220769,0.6947502288967371,0.0022714589637753,0.6931598167866468,0.6931469347327948,0.6931447237730026,0.6989669483155012,0.69533272087574,0.5141857317789094,0.0089228368354482,0.5257741165543007,0.5121213108612127,0.5097038884774711,0.5223120698051008,0.5010172731964615,0.3316639811111409,0.0554592487360806,0.2865788176052107,0.2865788176052107,0.3911185510636193,0.2865788176052107,0.4074649016764532,0.6948031667619944,0.0024160813191846,0.693194180727005,0.6930823996663094,0.6930878460407257,0.6993217822164297,0.695329625159502,0.5127859666182228,0.0092496711721352,0.5191775710754433,0.5158077571317489,0.5236509551754974,0.4974437054277349,0.5078498442806898,0.3291415044801881,0.0486918138138099,0.2920138538372269,0.3065553842632749,0.3833368622081297,0.2726828710286896,0.3911185510636193,11.4,9.2,18,6,6,26,1
-550,0.7031688365183377,0.0052528147866816,0.7005398700111791,0.7055311937081187,0.7120393690310026,0.701076855157551,0.6966568946838378,0.4978569562497023,0.0096472430828023,0.4910054838750385,0.4911478826131463,0.516609481994927,0.4972927887331292,0.4932291440322705,0.5036532804584485,0.0079119155006714,0.5097656155116022,0.4992003744254202,0.5105160000703938,0.5086764022137511,0.4901080100710747,0.6936177533119917,0.0007738740371406,0.6931864023208618,0.6930770259350538,0.6951052211225033,0.6936521045863628,0.6930680125951767,0.5284932524895806,0.0067073944192341,0.5251508254364019,0.5173467891260679,0.5299713449987674,0.533835671048991,0.5361616318376744,0.4100895062195951,0.0793482777756967,0.2865788176052107,0.4556548145224443,0.3911185510636193,0.3911185510636193,0.5259767968430819,0.6937092702835799,0.0007573957405355,0.6932487972080708,0.6932117436081171,0.6951546277850866,0.6937824953347445,0.6931486874818802,0.5020964415855571,0.0129143190646205,0.5145308650223965,0.4842188357511126,0.5180654467638239,0.5017968410331282,0.4918702193573245,0.4044642079639285,0.0667884567737821,0.2920138538372269,0.4583766247328926,0.3812393886033031,0.4074649016764532,0.4832262709697669,4.0,2.0,5,3,1,4,7
-525,0.6963987015423022,0.0014213877217379,0.6962751488936575,0.6961456229812221,0.6968195808561225,0.6941579875193145,0.6985951674611945,0.5021183273104335,0.0075768666984189,0.5054483430209262,0.5044026882775193,0.4963609420667431,0.513088903219062,0.4912907599679169,0.506693286426596,0.0082944298503844,0.5041992853176258,0.5093219452655551,0.5002115538041082,0.5214578205137008,0.4982758272319901,0.6937256436794996,0.0004235064906524,0.69444958306849,0.6939004883170128,0.6933986935764551,0.6932503376156092,0.693629115819931,0.5198267045727694,0.0094487176692325,0.5123554643472739,0.5068914242892633,0.5331232670713761,0.5201277555125151,0.5266356116434187,0.32561552167327,0.0537231565563335,0.3911185510636193,0.2865788176052107,0.2865788176052107,0.3911185510636193,0.2726828710286896,0.6937689997255803,0.000434913841117,0.6945326793938875,0.6938706357032061,0.693466180935502,0.6932615730911493,0.6937139295041561,0.5032916096164283,0.0077175535725439,0.495660952184949,0.4930920449463907,0.5054862353734317,0.5131700866444229,0.5090487289329474,0.3336503768068448,0.0518059704403099,0.3853802563314487,0.2943755681901046,0.2944523402310067,0.4074649016764532,0.2865788176052107,8.6,2.33238075793812,8,8,8,13,6
-500,0.704878558610615,0.0042829651882661,0.7070950219505712,0.711075748895344,0.7044866066229971,0.6980327825797231,0.7037026330044395,0.5058810358910711,0.0062914597938219,0.497099531261073,0.5054835151845188,0.5140801450347423,0.5012263862869564,0.5115156016880652,0.5062037861327282,0.009417443308752,0.4945162405301989,0.505324450674752,0.521190526384818,0.4987273185504647,0.5112603945234075,0.6943972300738096,0.0008938316088197,0.6932370886206627,0.6939919050782919,0.6957523915916681,0.6939429715275764,0.695061793550849,0.5288531444037102,0.0081725949000409,0.514186695972747,0.5309300222739748,0.5394627884837013,0.52992618530709,0.5297600299810382,0.3260225741777195,0.0534327646770136,0.2886140801274584,0.3911185510636193,0.2865788176052107,0.3911185510636193,0.2726828710286896,0.694373432546854,0.0009398416996464,0.692990755662322,0.6939753107726574,0.6956070140004158,0.6940661929547787,0.6952278893440962,0.5141966935695369,0.0209213822484469,0.5267576480396056,0.5209549456751612,0.5410580086917348,0.4811761989628409,0.5010366664783419,0.3329258917378956,0.0507822187702049,0.2953058328024106,0.3808275663743966,0.2944523402310067,0.4074649016764532,0.2865788176052107,2.4,1.3564659966250536,2,1,2,5,2
-475,0.6961634868069698,0.0017584106925382,0.6931084375632437,0.6953824620497854,0.69697872588509,0.6972935237382588,0.6980542847984715,0.4999960280164761,0.0155882922382329,0.524379219056215,0.4945251399770293,0.4852224525988038,0.5114114814222768,0.4844418470280555,0.4980313503704429,0.0137710410607427,0.5144045706950119,0.4958819317875184,0.4873994399838318,0.5129089939169013,0.4795618154689513,0.6942251585423946,0.0010300033418525,0.6949307676404715,0.6933128405362368,0.6939234957098961,0.6958494000136852,0.6931092888116837,0.5294471025823079,0.0137054158485158,0.5229181981518627,0.5249649134143558,0.5220039045253556,0.5206354864300243,0.5567130103899409,0.3525719278028226,0.054212736690595,0.2865788176052107,0.2865788176052107,0.3911185510636193,0.3911185510636193,0.4074649016764532,0.6942737743258476,0.0010302133598555,0.6949913129210472,0.693319771438837,0.6938898749649525,0.6959147285670042,0.6932531837373972,0.5010204010198265,0.0118947084315633,0.4847320005429406,0.5100814132116394,0.5180047293370411,0.4926821504079967,0.4996017115995151,0.3532424526741414,0.0497448542682115,0.2920138538372269,0.2943755681901046,0.3812393886033031,0.4074649016764532,0.3911185510636193,7.6,2.1540659228538015,7,11,9,5,6
-450,0.7039859016318071,0.0052775527736174,0.701274143394671,0.7127523528902154,0.7065577243503771,0.6973024267899363,0.7020428607338354,0.4964523458305609,0.0062077217097432,0.5054391261656389,0.4943852381713579,0.4970824355083614,0.4989523120806273,0.4864026172268191,0.5011428408569614,0.0136433261724554,0.5202996114394725,0.4997846636232459,0.508802931640073,0.4978772705290956,0.4789497270529197,0.6934099458158016,0.0002672270245859,0.6938402354717255,0.6931229196488857,0.6935057900846004,0.6934512425214052,0.6931295413523912,0.5246566089706781,0.0038434782098742,0.5281378168645214,0.5286678928233627,0.5183699444052517,0.5256973584003958,0.522410032359859,0.3265795576796506,0.0527999720624323,0.2865788176052107,0.3911185510636193,0.3911185510636193,0.2865788176052107,0.2775030510605927,0.6934424828737974,0.00020938376915,0.6937536355108023,0.6932992618530989,0.6933693308383226,0.6936096120625734,0.6931805741041899,0.508402018728976,0.0186594747011281,0.5242229092656301,0.5002130432467966,0.530371188415972,0.4777464525784132,0.5094565001380682,0.3242114798205888,0.0476073401254297,0.2940617342077686,0.3824283405939376,0.3812393886033031,0.2726828710286896,0.2906450646692451,3.6,1.8547236990991407,3,2,2,7,4
-425,0.698791241394846,0.0040003835501162,0.7066919358153092,0.6976991967151039,0.6970551013946533,0.6957438851657667,0.6967660878833971,0.5026865451137619,0.0060704450646529,0.4977399070108586,0.4932845277636341,0.507223672506128,0.5087468201281226,0.506437798160066,0.50363212838473,0.0056706008001746,0.4959936021375675,0.4981123839291585,0.5108252432850522,0.5077173080382796,0.5055121045335922,0.69482012540102,0.0029399907762609,0.7006671167910099,0.6931220907717943,0.6939502339810133,0.6930961739271879,0.6932650115340948,0.5298081165695475,0.0069821373579081,0.5219273632314672,0.5236920629455065,0.5333705521267651,0.5288160420540421,0.5412345624899565,0.3330435620095544,0.0578267814960348,0.2865788176052107,0.413793825930454,0.3911185510636193,0.301043744419798,0.2726828710286896,0.6949197314679623,0.0031659215999289,0.7012233976274729,0.6930478718131781,0.6939037535339594,0.6931444425135851,0.6932791918516159,0.5075900524958624,0.0208263404220112,0.4804043129458394,0.5323831778349816,0.514198448924947,0.4859583110405282,0.5250060117330156,0.3409395558671129,0.0567390549215269,0.2920138538372269,0.4321825654985712,0.3812393886033031,0.3126831537912523,0.2865788176052107,5.8,2.3151673805580453,2,9,5,7,6
-400,0.6981338124526174,0.0022488213507858,0.6953863520371286,0.6995047908080252,0.697402876929233,0.7017471106428849,0.6966279318458155,0.4944975340773608,0.0058684297027947,0.4976642654035669,0.4835063167539291,0.4994612719937846,0.4934152743953407,0.4984405418401823,0.5013976438612427,0.0040302550161911,0.5055163338024324,0.5018291129162269,0.5020238035750899,0.5038232551142431,0.4937957138982216,0.6937379729002714,0.0007723413030725,0.6951597798615694,0.6933744288980961,0.6930565051734447,0.6939326357096434,0.6931665148586035,0.5252178631570315,0.0154107281992645,0.5121308296815172,0.5391219942029613,0.5423530682695705,0.5298082068081343,0.5026752168229737,0.4034784516774357,0.076647666400055,0.3911185510636193,0.2865788176052107,0.5261303956634241,0.3911185510636193,0.4224459429913046,0.6937972702085972,0.0007410963891146,0.6951529774814844,0.6935233063995838,0.6931307539343834,0.6939786747097969,0.6932006385177374,0.5001514024072158,0.0148999418652541,0.5126641538581602,0.4776610245637751,0.4980091547369328,0.519805830874409,0.4926168480028018,0.3946143477062291,0.0630817784526754,0.3853802563314487,0.2943755681901046,0.4925762851154452,0.4074649016764532,0.3932747272176942,6.2,2.039607805437114,10,5,6,4,6
-375,0.6989307595554151,0.008108177867473,0.6956755895363657,0.6945317469145122,0.6949015529532182,0.6944216088244789,0.7151232995485005,0.503231012815843,0.0080257102370264,0.4913578843271509,0.5110830608404849,0.5014022030227934,0.5131908400501597,0.4991210758386261,0.5032096049101955,0.0047496060019642,0.4964708294370157,0.5083034063892328,0.4985815055762185,0.5059333162185896,0.5067589669299211,0.6940227154642343,0.0006814745985653,0.6945471055805683,0.6933373119682074,0.6930956840515137,0.6943157725036144,0.694817703217268,0.5261393157354709,0.0040890942083464,0.5247600477941337,0.5284114129905235,0.5320911126120315,0.5256910832824054,0.5197429219982602,0.3936842849302767,0.0653732347753557,0.2865788176052107,0.3911185510636193,0.4921406032424811,0.3911185510636193,0.4074649016764532,0.6940242473036051,0.0007105949462925,0.6944933664053679,0.6933197248727083,0.6930441558361053,0.6943985335528851,0.6948654558509588,0.5152374104471313,0.0215326719168575,0.5259838242712873,0.5326359381867415,0.538636675410951,0.4859898642128031,0.4929407501538735,0.3961908428144682,0.0694079578153209,0.2920138538372269,0.3808275663743966,0.5095293411206454,0.4074649016764532,0.3911185510636193,10.4,4.923413450036469,14,10,14,13,1
-350,0.6960514886755693,0.0017806421047373,0.696089440270474,0.6945345031587701,0.6938958920930561,0.6989409233394422,0.6967966845161037,0.5039758299215678,0.0090096540595996,0.4992266767028242,0.51471062831082,0.5143207426287292,0.4920877698047321,0.4995333321607332,0.5058407643310293,0.0058754086090664,0.5035180728791494,0.5154011261924402,0.5092862028300617,0.4986456642623947,0.5023527554911003,0.6935403868556023,0.0005514417312219,0.6932052057236433,0.6935945060104132,0.6931702736765146,0.6945926677435637,0.6931392811238766,0.5270485944918732,0.0094306078302631,0.5110288871677616,0.5266013874648743,0.5403354662707138,0.5304068785296713,0.5268703530263453,0.3465234683649517,0.0547940857618526,0.3911185510636193,0.3911185510636193,0.2865788176052107,0.3911185510636193,0.2726828710286896,0.6935674007982016,0.0006247333112321,0.6932019330561161,0.6936306934803724,0.6931916680186987,0.6947557460516691,0.6930569633841515,0.513065031417881,0.0233383076475735,0.5064948178054824,0.5012909042754344,0.5165279963096987,0.4857288201003629,0.5552826185984262,0.3509407764437031,0.0502148979724366,0.3853802563314487,0.3808275663743966,0.2944523402310067,0.4074649016764532,0.2865788176052107,10.6,5.388877434122992,8,20,13,5,7
-325,0.6977726114423651,0.0044062439273162,0.6949916645100243,0.6976513824964824,0.6953229810062208,0.6945746333975541,0.7063223958015442,0.5062216354453877,0.0042857645269914,0.5038187089172302,0.5140805619577696,0.5066846836585042,0.5050745857118398,0.5014496369815942,0.5011960968943464,0.0027963289636305,0.5023419668126504,0.5046190103799169,0.4963711008228614,0.5024977692061553,0.5001506372501483,0.6940734304487706,0.001249106965152,0.6932968907058239,0.6944637428969145,0.6930963918566704,0.6931484937667847,0.6963616330176592,0.52784524028638,0.0108462714242806,0.5226543479377628,0.5463121839434002,0.5328055261778717,0.5225577514093985,0.5148963919634668,0.398733718409446,0.0094807159720288,0.3911185510636193,0.3911185510636193,0.4128480371799187,0.3911185510636193,0.4074649016764532,0.69405118227005,0.0012113998652381,0.693263340741396,0.6945527344942093,0.6931038331240416,0.6931177116930485,0.696218291297555,0.5223826540383707,0.0070665287302181,0.5253937794228556,0.5182446504904333,0.5105641468166964,0.5289567806938598,0.528753912768008,0.3949200846820568,0.0116885901109624,0.3853802563314487,0.3808275663743966,0.4098091479643667,0.4074649016764532,0.3911185510636193,9.2,5.455272678794342,16,4,10,14,2
-300,0.702473517970035,0.0088167058327495,0.6960275022607101,0.6957018362848382,0.6947343581601193,0.7096523109235262,0.716251582220981,0.5087608747687433,0.0069635359450191,0.5125564104501973,0.5075836063476338,0.5127518147650364,0.4957378942206726,0.5151746480601761,0.5067341809300574,0.0047231156912948,0.5080749811830586,0.5106276929092597,0.5124082899834858,0.5024819659805638,0.5000779745939192,0.6941028144210577,0.0007166672260531,0.6930571254342794,0.6950066965073347,0.6935024652630091,0.694369550794363,0.6945782341063023,0.5304944143799319,0.008397081054438,0.5320089968759365,0.537187969355636,0.5401227198647773,0.5163952857589177,0.5267571000443924,0.3315772558567468,0.0555299774896259,0.2861451913332404,0.2865788176052107,0.2865788176052107,0.3911185510636193,0.4074649016764532,0.6941984597593546,0.0007497950805127,0.6930156163871288,0.6950870677828789,0.6936702188104391,0.6946594398468733,0.6945599559694529,0.5032943584346125,0.0175840337107557,0.5125104896400307,0.4935729861573739,0.5051335867435668,0.4765287390609417,0.5287259905711494,0.3372969572821723,0.0508917431389835,0.2975613755109695,0.2943755681901046,0.2959643899697152,0.4074649016764532,0.3911185510636193,8.0,7.127411872482185,8,8,21,2,1
-275,0.695134561312826,0.0006099576842703,0.6958312354589763,0.6942034200618141,0.6953921794891358,0.6946532901964689,0.6955926813577351,0.5037266797203849,0.0068531627474679,0.5035416905587504,0.5095319027694374,0.5080916440250605,0.5068639440219742,0.4906042172267018,0.5040072445778196,0.005375622544325,0.5038211995961129,0.5011199281482248,0.5143365656725,0.5016234572564083,0.499135072215852,0.6933285355567932,0.0003302098760836,0.6931265369057655,0.6938373763114214,0.6936035323888063,0.6930546294897795,0.6930206026881933,0.5430446643815716,0.0099209494152651,0.5391887744477448,0.5344690819035945,0.547628308408863,0.5602334511087897,0.5337037060388662,0.3198675280474247,0.0737221010819538,0.2865788176052107,0.2865788176052107,0.2865788176052107,0.4669183163928013,0.2726828710286896,0.6933766432106495,0.0003400264076343,0.6931670717895031,0.6938130557537079,0.6937675662338734,0.6930615715682507,0.6930739507079124,0.5292321508288145,0.0144826107389738,0.5201973253703855,0.5355908454090886,0.5141948556338932,0.5545762230057872,0.5216015047249174,0.3201292410517908,0.0566205845340638,0.2920138538372269,0.2943755681901046,0.2944523402310067,0.433225625395405,0.2865788176052107,12.2,3.54400902933387,8,13,9,18,13
-250,0.6961190327845121,0.0034520248340325,0.7028610066363686,0.6950094574376157,0.6950122268576371,0.6930102178924962,0.6947022550984433,0.5053361919039925,0.0105143895092944,0.5116615711739596,0.492884615868984,0.5001502195188536,0.52254287971183,0.4994416732463352,0.5061300583822981,0.0057824663800663,0.5113694265584579,0.5018527177314263,0.5059421101061021,0.5135245045206883,0.4979615329948153,0.6936653207987546,0.0007006229888107,0.6933296620845795,0.6933489330112934,0.6935259234160185,0.6950380206108093,0.6930840648710728,0.5470267338233662,0.0048728744488812,0.5378506259432754,0.5470982793919617,0.5488261176653233,0.5521955443366348,0.5491631017796358,0.3047075749815883,0.0435393936171711,0.3911185510636193,0.2865788176052107,0.2865788176052107,0.2865788176052107,0.2726828710286896,0.6937095127999783,0.0006905744649035,0.6933005843311548,0.6934430357068777,0.6936463974416256,0.6950456090271473,0.6931119374930859,0.5326306910655305,0.0173178490630887,0.5211475877738666,0.5202616077300887,0.5192334865192342,0.5643213718053615,0.5381894014991018,0.3066939706772921,0.0401360346528845,0.3853802563314487,0.2943755681901046,0.2944523402310067,0.2726828710286896,0.2865788176052107,10.0,4.049691346263317,3,14,12,8,13
-225,0.6869749011491474,0.0135442507051183,0.7072685887939052,0.668090728082155,0.6783386682209216,0.6856846577242801,0.6954918629244754,0.5584879237731042,0.0536688533154473,0.4893957614742215,0.6239361116591626,0.6014928006814745,0.5756888847253475,0.5019260603253146,0.5444558205197642,0.0414876898812087,0.5012900792165815,0.5947044736490322,0.5751783415290177,0.5613262436186389,0.4897799645855505,0.6955158162862063,0.0048966773265376,0.6928371228277683,0.6907747015357018,0.7046431973576546,0.6963153127580881,0.6930087469518185,0.5622863610248677,0.0143683014578233,0.5400616543728755,0.5744119639494574,0.5692089930317819,0.550868737019962,0.576880456750262,0.4651977293412747,0.079207362935488,0.5202418780115345,0.5659266859509113,0.3452768736619227,0.4870783074055515,0.4074649016764532,0.6972484305500984,0.0068761638854164,0.692901723086834,0.6955101024359465,0.7108760438859463,0.69388666190207,0.6930676214396954,0.5429138386293688,0.0201650269783371,0.5076969776644306,0.5676549977729023,0.5430979555238523,0.5560532865148197,0.5400659756708397,0.4411494312664792,0.0692318935961548,0.4820495289107499,0.5089850521519784,0.3297465154227869,0.4938475087832613,0.3911185510636193,30.0,23.16894473211933,2,65,35,41,7
-200,0.6929818823463038,0.0052319321713985,0.693433960487968,0.6895271972606056,0.7024072985900076,0.6870080841215034,0.6925328712714346,0.529595948495221,0.0286587207428167,0.5167109194786755,0.5522619965676208,0.4825657698598223,0.5643644128535774,0.532076643716409,0.5237704663531338,0.0215599263056426,0.5121468922164322,0.5357459549334078,0.4895893641241446,0.5530357198714845,0.5283344006201999,0.6921764828264714,0.0007701126613951,0.6927442159503698,0.6912026256322861,0.6932913027703762,0.69150535389781,0.6921389158815145,0.5690388471369965,0.0135829538589648,0.5642181449985183,0.5738101317659566,0.5479616804700099,0.5693780104759629,0.589826267974535,0.3320441723728692,0.0354206341099124,0.3911185510636193,0.3381381315135345,0.2865788176052107,0.3377648642633765,0.3066204974186053,0.6921628423035144,0.0012252545013301,0.6929006520658731,0.6919354740530252,0.6935539860278368,0.6899536997079849,0.6924703996628523,0.5501675308429308,0.0272332072538232,0.5296999554627626,0.5546817922939825,0.5125888975676042,0.5914928540814859,0.5623741548088187,0.3328745147355861,0.0310412588790841,0.3880535989900114,0.3318940782012681,0.2944523402310067,0.3342435488329579,0.3157290074226866,21.4,10.461357464497617,18,24,4,36,25
-175,0.6853401772599472,0.0062909346064346,0.6781066323581495,0.6806082932572616,0.6887419669251693,0.6835013653102674,0.6957426284488879,0.5666374427079326,0.0351505400541942,0.6021378372307173,0.5940373815755609,0.5558278658024343,0.5772880946378467,0.5038960342931035,0.5488302875378586,0.0259328076151337,0.5825450963232811,0.5577630673892815,0.5370097490511586,0.5610861591503787,0.5057473657751929,0.6923316411674023,0.0020234943197722,0.6912622880190611,0.6912023164331913,0.6958656739443541,0.6901354379951954,0.6931924894452095,0.5698218812908422,0.0082665888580657,0.5712574028118907,0.570464355147078,0.5621622693944099,0.5611026485826185,0.584122730518214,0.3888970445495503,0.0942599673403059,0.5078273703017411,0.387552597868063,0.2966366254928778,0.4797857580563799,0.2726828710286896,0.6924778427928686,0.0041097167513916,0.6887111719697714,0.6956421993672848,0.6978157311677933,0.6869052145630121,0.6933148968964815,0.5622112840534612,0.0189189851333083,0.5699283491031536,0.5596590178179794,0.5398637682552361,0.5940032728453705,0.5476020122455669,0.3921073398484425,0.0958915883646023,0.5391528272129766,0.3674555181553453,0.3047209512851753,0.4626285849835044,0.2865788176052107,28.4,11.77454882362802,32,41,20,39,10
-150,0.6905545249738191,0.0062624511768854,0.6843363479564064,0.6980224000780206,0.6819744335977654,0.6949849956913998,0.6934544475455033,0.5404498380426569,0.0356952501247786,0.5774788081911678,0.5038548521495475,0.5888646137686216,0.5081728915886342,0.5238780245153131,0.5314668625457865,0.0228545106503512,0.5522257847607578,0.5121825657184983,0.5647875684414421,0.5072428014884716,0.5208955923197627,0.6934858445078135,0.002359143761807,0.6970028914511204,0.6928600147366524,0.6897112596780062,0.6934644654393196,0.6943905912339687,0.576729812744354,0.0104928257540421,0.5685523941525719,0.5739919037605975,0.5690454017939565,0.5749819371509339,0.5970774268637103,0.3289529323954722,0.0792524987273509,0.3137175078747037,0.2865788176052107,0.4852066478635461,0.2865788176052107,0.2726828710286896,0.6953244369477034,0.0026553356334852,0.7004167810082436,0.6931248512119055,0.6951559204608202,0.6933520920574665,0.6945725400000811,0.5608668797016629,0.0259505034088318,0.5661756445191616,0.518817655150974,0.5573935417248929,0.60034107091809,0.5616064861951963,0.3225886835453773,0.0637385889504886,0.3072608777404774,0.2984920381953455,0.4479288131571631,0.2726828710286896,0.2865788176052107,16.2,9.239047569960878,22,5,31,10,13
-125,0.6923770989869771,0.0066972198794213,0.6977232468755622,0.6867392006673311,0.7014837334030553,0.6833808284056814,0.6925584855832552,0.5381912098622117,0.0336178196162127,0.4965531875460529,0.5700116589849039,0.5080931322546978,0.5826643287431956,0.5336337417822083,0.5335908975974465,0.0276509436912411,0.5025589582180903,0.5521563248932206,0.5102429415241913,0.5772736235750027,0.5257226397767276,0.6909253772348165,0.0029644489316952,0.6938812043517828,0.6898612901568413,0.6947596985846758,0.6892819125205278,0.686842780560255,0.5818635774102942,0.0115323760829514,0.5686418658106357,0.5826926342135622,0.5744024654547191,0.5809110472209409,0.6026698743516125,0.4594809737369384,0.0597121442180805,0.3911185510636193,0.4793002855311895,0.3911185510636193,0.5429797198360818,0.4928877611901824,0.6910271055996418,0.0030415268274536,0.6938723959028721,0.6903094574809074,0.6951445676386356,0.6871333289891481,0.6886757779866457,0.5633410724210824,0.0297067597634084,0.5414520988765438,0.5714895873543873,0.5194761002652104,0.6040518483223091,0.5802357272869618,0.4762266490388074,0.0789973006719971,0.3853802563314487,0.517244229832001,0.3812393886033031,0.5782904731378327,0.5189788972894515,18.2,12.172099243762352,7,23,3,37,21
-100,0.6856674442793194,0.0037684096057096,0.6802846921117682,0.6834250243086564,0.6856956042741474,0.6914838696780957,0.687448031023929,0.5702609120361568,0.0165515495604585,0.5971961267949634,0.5765628403834295,0.569250145605271,0.5476570556404606,0.5606383917566602,0.5538700781291603,0.0132032958480027,0.5787478141202964,0.5514332319412821,0.5485341310860972,0.5393162204675341,0.5513189930305918,0.6887710370123387,0.0015882511335415,0.6907112020999193,0.687411030754447,0.6879966221749783,0.6906542591750622,0.6870820708572865,0.5885457563172886,0.0127905558639478,0.5800010252404948,0.5838711734789762,0.5818256604603927,0.5830368029393583,0.6139941194672204,0.4926922717328087,0.0707340740232145,0.4720552196455634,0.5110644450642491,0.5701957699466893,0.3672780182328785,0.5428679057746629,0.6895714938640595,0.0002456567605386,0.6892234869301319,0.6894670110195875,0.689977589994669,0.6895515602082014,0.6896378211677074,0.5784365446046074,0.0199489822696991,0.5796077473723413,0.5621102639387919,0.5591242817051993,0.6150986480662722,0.5762417819404322,0.4713354910448015,0.0705063244911097,0.4915334072189292,0.4926500850930145,0.542687718793803,0.3357416532577121,0.4940645908605491,22.8,1.9390719429665315,24,21,21,22,26
-75,0.6832818547048067,0.0098156417894194,0.6680849119236595,0.6825753393926118,0.6793930656031558,0.6976107358932495,0.6887452207113567,0.5719976285379139,0.0476520171232327,0.630952804637771,0.5860784673978116,0.5974348935692904,0.4897152401076522,0.5558067369770442,0.553682887606013,0.0359691368360171,0.5962795458723869,0.5660836837074253,0.5749831702546022,0.4916984930242327,0.539369545171418,0.6897146567702294,0.0024607855739976,0.6855540461838245,0.6895887404680252,0.6894137822091579,0.6930895932018757,0.6909271217882633,0.5889417942987888,0.0119318978945468,0.5844369913060955,0.5887001300290565,0.5860562068314704,0.5746740092824622,0.6108416340448589,0.4038575406646644,0.1116497614838924,0.5378967065118907,0.3703122810024295,0.5333726138864285,0.2865788176052107,0.2911272843173623,0.6915443718433381,0.0014140249717447,0.6897162813693285,0.692707184702158,0.6899840421974659,0.6930998899042606,0.6922144610434771,0.5705228236402039,0.0090242234215485,0.5804109908416156,0.5649792506466302,0.57667994569807,0.5556380977644919,0.5749058332502119,0.4080004161345975,0.1184039761546019,0.5527644975079364,0.3623411293198519,0.544617504960257,0.2726828710286896,0.3075960778562526,21.4,9.32952303175248,35,19,27,7,19
-50,0.6821698469864694,0.0040291948285342,0.6843721923075224,0.677071013576106,0.6785115323568646,0.682667172582526,0.6882273241093284,0.5843180478067814,0.0144415397845429,0.5770399185334426,0.6022578356768902,0.5956782308684737,0.5854818690279676,0.5611323849271329,0.5572895215421866,0.0134986180578901,0.5510873561170203,0.5752019838886163,0.5715798589423783,0.5464698061929184,0.5421086025700002,0.6946256753057242,0.0062568366193788,0.6974565908312798,0.6848679687827826,0.690432533621788,0.6976259332150221,0.7027453500777483,0.5907231531705731,0.0112836120390808,0.5810310772546677,0.591059235876138,0.5830221376732359,0.5862560081874099,0.6122473068614147,0.3903037518533587,0.1053984965520918,0.3053848833533502,0.5680073013952737,0.4433658143753565,0.3580204517181387,0.2767403084246746,0.6962966978549957,0.0062676122093227,0.7025873847305775,0.6873147804290056,0.6917956974357367,0.6960169821977615,0.7037686444818974,0.5762753237115197,0.0144812190231596,0.5650807710219293,0.5747119476046826,0.5603776098173551,0.6019489841872196,0.5792573059264113,0.3838274457907885,0.0975882269841656,0.3063588658927989,0.5470148378273543,0.4416287600036273,0.3380076908222303,0.2861270744079319,22.8,6.079473661428265,15,29,30,23,17
-25,0.6894196570547002,0.0062779019687985,0.6778095703375967,0.6887410483862224,0.6907626534763135,0.6946713278168126,0.6951136852565565,0.5430950982802007,0.0369593349417814,0.6030268621046903,0.5614333809756351,0.5405305193722088,0.5090905647819056,0.501394164166564,0.5318426669350595,0.0284461395758073,0.5787296096411841,0.5460287543509106,0.5278712122005148,0.5029629394579276,0.5036208190247605,0.6955748770385981,0.0060942096024541,0.6887397821992636,0.6981058325618505,0.7061749789863825,0.6928690280765295,0.6919847633689642,0.5877369680220441,0.0093890230737893,0.5808000064520962,0.5851603030233091,0.578104048529367,0.5898967438324568,0.6047237382729913,0.3375774895509943,0.0935843312127862,0.5245842680313288,0.2937369241905362,0.2865788176052107,0.2865788176052107,0.2964086203226854,0.6969117447733879,0.007205151002246,0.6893951371312141,0.7010509315878153,0.7090543452650309,0.6927314084023237,0.6923269014805555,0.5692001727666259,0.0158952830769295,0.5734058749172035,0.557229685139213,0.5467181857823586,0.5926735965702536,0.5759735214241006,0.3430999333004627,0.094569638752061,0.5302243176483964,0.3044199519813199,0.2940187139590363,0.2726828710286896,0.3141538118848712,14.8,4.664761515876241,23,15,9,12,15
0,0.6779495153929058,0.014429859411749,0.6683885750017668,0.6543204351475365,0.6887336122362238,0.685684787599664,0.692620166979338,0.5866530078984723,0.0477796336249684,0.6289648597264978,0.6537923617321842,0.5565421943572544,0.5700302770494131,0.5239353466270119,0.5645901845006135,0.0351877970907765,0.5913921086429534,0.613595011249682,0.5439068752977128,0.5607349284570673,0.5133219988556518,0.6874233152717352,0.0046149625570703,0.6833839919418097,0.6817776914685965,0.6896930783987045,0.6875492949038744,0.6947125196456909,0.5925867379424987,0.01348915921654,0.5856598582372273,0.5999995495151079,0.5800137035260329,0.5816637718147005,0.615596806619425,0.4794688832950496,0.1086245747976306,0.5694673451645449,0.5672239130805099,0.4966237381849269,0.4913465490165766,0.2726828710286896,0.6887095287442208,0.0037758806500582,0.6873722225427628,0.6854277588427067,0.6907683536410332,0.6849294286221266,0.6950498800724745,0.5777524835778275,0.0112684725515036,0.5810726794856141,0.576631813774576,0.5635781876130518,0.5969687109336106,0.5705110260822849,0.4731167683085083,0.0991241994666165,0.5387082032586721,0.5669369593475246,0.507407258221659,0.4659526031094749,0.2865788176052107,27.2,15.03861695768597,36,52,15,22,11
25,0.6890489390021877,0.0083859219199877,0.6969661988710102,0.6963470145275719,0.6787648370391444,0.6789102447660346,0.6942563998071771,0.5474991518466213,0.0424976892311751,0.5140264140247116,0.5032373416158383,0.5997017691105041,0.5983419010708472,0.522188333411205,0.5343124416162823,0.0294769062140982,0.5078707977299034,0.5034936691516998,0.5667830447439086,0.5725324837052345,0.5208822127506656,0.691173218935728,0.0012105607707613,0.6923002619296312,0.6926982197910547,0.6896535027772188,0.6899822298437357,0.6912318803369999,0.5855318370080671,0.010868940660823,0.587291085074908,0.5744057124224137,0.581621210615714,0.5787477587912654,0.6055934181360351,0.4441486736465352,0.0712197344047375,0.4149381968714638,0.5437316046053821,0.4967381010392311,0.4288509588051765,0.3364845069114223,0.6910295128822327,0.0021571326319047,0.6923610009253025,0.6927681434899569,0.6914455275982618,0.6868145260959864,0.6917583663016558,0.5695258411035635,0.0179143446836257,0.5598796070526402,0.5451628606100516,0.5690758332900627,0.5994851924121898,0.5740257121528738,0.4499389221780968,0.0572488268404591,0.4538191238938345,0.5277684306033805,0.4857963058513561,0.4236968087681841,0.3586139417737287,17.0,12.712198865656562,6,6,34,31,8
50,0.6831237819320277,0.0146520896422768,0.6945516736883867,0.689459344587828,0.6546705396551835,0.6842284039447182,0.6927089477840223,0.5690060697578871,0.047701531241497,0.5296359703716398,0.5515026054289434,0.6569193763921664,0.5790823124673499,0.5278900841293361,0.5530626153136076,0.0321251121668274,0.5309608272660657,0.539367294055366,0.6141880200406725,0.5550098830352574,0.5257870521706761,0.6907743893563747,0.0031494776192599,0.6939437221735716,0.6908318642526865,0.6861208435148001,0.6943924780935049,0.6885830387473106,0.5877173404530271,0.0100620007750633,0.5815794609056931,0.5776256730606667,0.5927719403566716,0.5814998302549246,0.60510979768718,0.4228156921779897,0.1070281169074573,0.2865788176052107,0.3558789519204629,0.5201176809462598,0.3778689270008588,0.5736340834171565,0.692201754450798,0.0018570373509464,0.6952777355909348,0.6928038019686937,0.6903361286967993,0.6923669669777155,0.6902241390198469,0.5643046617383662,0.0177501734022678,0.5463060812227257,0.5497011287753834,0.5623921224879305,0.596374867137468,0.566749109068324,0.4071693404651908,0.0897313567777665,0.2969456083611542,0.3434031892204483,0.5077833593324798,0.3689306444435012,0.5187839009683707,19.4,14.347125147568764,6,9,45,25,12
75,0.6889701430421127,0.0061825634873504,0.6956623529133044,0.6958900746546294,0.6891560629794472,0.6833402683860377,0.6808019562771446,0.5496586773078104,0.0327821893662054,0.5149680820233014,0.5070375484739367,0.5599393129708571,0.5824370666834618,0.5839113763874945,0.5351835075597904,0.0233839924856477,0.513715258142009,0.5042080843554458,0.5373680798252355,0.5555207719172802,0.5651053435589811,0.6974701017141343,0.0088344287476536,0.6913547515869141,0.6927127446979284,0.6978614777326584,0.7144394367933273,0.6909820977598429,0.5840815500018662,0.0108787510367692,0.5822531272920085,0.5754869688406145,0.5798633860609903,0.5774459280986982,0.6053583397170197,0.315524661931186,0.0427257594982853,0.3983765827402504,0.2861561122912011,0.2900675315670821,0.2881007331896263,0.3149223498677697,0.6983499027788639,0.0076165568070238,0.6916920598596334,0.69274059869349,0.7001486085355282,0.7124226484447718,0.6947455983608961,0.5682420743873065,0.0203781989868972,0.5507536633167771,0.5623890298328397,0.5532509600149927,0.6071165536969123,0.567700165075011,0.3084804955692639,0.0245443354768101,0.3388261939139713,0.299108290824613,0.2951043996461425,0.2747181335509372,0.3346454599106554,16.2,9.579144011862438,7,8,11,24,31
100,0.6982996388485556,0.0028260747458569,0.6983511523196572,0.6939494013786316,0.7026930934504458,0.6973304974405389,0.699174049653505,0.50518264650174,0.0072006645334331,0.4992202094973809,0.5179226522604707,0.5084559812370267,0.4998704927484445,0.5004438967653771,0.5047438970457834,0.0062158061418252,0.512364091248555,0.5113014929115459,0.5039249601125776,0.4970128834653294,0.4991160574909086,0.6938547071069479,0.0016547939221428,0.6942471545189619,0.6916595492511988,0.6922989375889301,0.6949599832296371,0.6961079109460115,0.5838384926755797,0.0111933909890931,0.5797050161898295,0.5762441551822869,0.5751544700388245,0.5824692947166205,0.6056195272503373,0.3103237268673499,0.0436173086284448,0.2865788176052107,0.3119973977756073,0.393780730322031,0.2865788176052107,0.2726828710286896,0.6941259365528822,0.0015207205996655,0.6948040686547756,0.6921772807836533,0.6925817746669054,0.6948403976857662,0.6962261609733105,0.5610787572065256,0.0216262410658772,0.5322217657888342,0.5517250483347438,0.5532357623199888,0.5962766709225602,0.571934538666501,0.3131942468385159,0.0419510310126013,0.2969456083611542,0.3180706807352844,0.3916932564622404,0.2726828710286896,0.2865788176052107,5.6,2.0591260281974,6,8,2,7,5
125,0.6862386338334334,0.0092701253467632,0.6801147442114981,0.6744153794489409,0.6972450570056313,0.6823892743963944,0.6970287141047026,0.5607728370047457,0.0449709422831924,0.5978809331282661,0.6088573455202888,0.4982670806188062,0.5830335894704527,0.5158252362859144,0.5400353752631997,0.029420907455296,0.5649063370506741,0.5667306513095908,0.4984081562390949,0.5597086037633009,0.5104231279533374,0.698014622554183,0.0086961740272875,0.6954403258860111,0.7152922134846449,0.6930335443466902,0.6924815103411674,0.6938255187124014,0.588012162762511,0.0112735879318074,0.5797163568171755,0.590780850244285,0.5786796710553029,0.5819979452179712,0.6088859904778203,0.3338047794471181,0.0513497981595133,0.4168585298229298,0.3463886228734185,0.2865788176052107,0.3465150559053421,0.2726828710286896,0.7025304425507783,0.0147424685002322,0.7041847500950098,0.7305281814187765,0.6932124923914671,0.6905564852058887,0.6941703036427498,0.5655219172828937,0.0164432180509922,0.5619974840912281,0.5442303214455333,0.5550011589802831,0.5918826291669942,0.5744979927304298,0.3259899994765032,0.0346199042090313,0.3828652443050287,0.3404765324980712,0.2944523402310067,0.3255770627431985,0.2865788176052107,16.8,9.453041838477178,22,28,6,23,5
150,0.6764414072036743,0.0192637204901319,0.6463324038605941,0.6955740138104087,0.6775387902008859,0.6650584722820081,0.6977033558644746,0.5851548372797812,0.0672969382306581,0.6734933982459174,0.5119127506032448,0.6014577689917852,0.6354761079569363,0.5034341606010222,0.5650058884684505,0.0525157551727194,0.632293278878541,0.5090911725687353,0.5714103502201116,0.6105987113222963,0.5016359293525682,0.6933386601507664,0.0103754089473485,0.6806929409503937,0.6930787935853004,0.68870266713202,0.7121821325272322,0.6920367665588856,0.5925094381052356,0.0129733592652665,0.5889816406768836,0.5772985259655634,0.6151949176004057,0.5843999479454746,0.5966721583378508,0.3784586238318864,0.1098937988292928,0.5449891499767778,0.2865788176052107,0.4756127087384932,0.2949602264976459,0.2901522163413046,0.6943889696151018,0.0084301688446903,0.6856013257056475,0.6934189833700657,0.69014055095613,0.7103653270751238,0.6924186609685421,0.5743673813235539,0.015182365476407,0.5885293036195373,0.5501864790576683,0.5742370572836284,0.5920063450781988,0.5668777215787364,0.3781042817863375,0.1062698622525388,0.5361758291782998,0.2999703936545425,0.4758319001221472,0.2847034524729895,0.2938398335037086,27.6,16.883127672324225,45,6,34,44,9
175,0.6839585919129221,0.0084192137819705,0.6842860999860262,0.69775718513288,0.6712550251107466,0.6823769927024841,0.6841176566324736,0.5703382616220083,0.0374970014380551,0.5710819217111447,0.5015011053521286,0.6152161100835847,0.5838843886731884,0.5800077822899946,0.5522011529506303,0.0302986966425379,0.5541054773243715,0.496207687691149,0.5879760172025097,0.5627023916258574,0.5600141909092636,0.688843895867467,0.0032972651377813,0.6881691198796034,0.692832313477993,0.6899135243147612,0.6903432197868824,0.6829613018780947,0.5844480975920254,0.0097212398476947,0.5829254368171441,0.5770859960093737,0.5958211785691439,0.5712969938873634,0.595110882677102,0.459565109977504,0.094635809639711,0.5025015592603934,0.2865788176052107,0.5296311579033243,0.4334160804560374,0.5456979346625542,0.6889103721827269,0.0023506776989863,0.6891184542328119,0.6929289549589157,0.6856033764779568,0.6882543154060841,0.6886467598378658,0.5681088378219332,0.0147850223365593,0.562690331536476,0.5499939935759243,0.5897869426516893,0.580521569242657,0.5575513521029194,0.4438876964363251,0.0925761536530836,0.4211612373159499,0.3006567363205352,0.5399251350424172,0.4075997752504554,0.5500955982522677,19.4,9.707728879609276,16,6,36,21,18
200,0.6781551374887165,0.0055479113242309,0.6808939099311828,0.6800278945973045,0.6737429273755927,0.6859104457654451,0.6702005097740575,0.5988054887909217,0.0167430757102511,0.5955688969126787,0.5953906986474548,0.6125096754030375,0.5711249890639074,0.61943318392753,0.5721733578532039,0.0162459840447404,0.571726134258757,0.5803093120656488,0.5795355211694387,0.5413476954877838,0.5879481262843911,0.6914117652922869,0.0064585555884301,0.6904778126627207,0.688383249565959,0.6871330998837948,0.7040838059037924,0.6869808584451675,0.5837004005826343,0.0146872422286369,0.5798654778190049,0.5808284615486234,0.5814824333823615,0.5656808768847547,0.6106447532784269,0.4180238749083463,0.0597618544136547,0.4300255048041089,0.4778437378348009,0.4234790478946875,0.3048223451756555,0.4539487388324791,0.6962570641189814,0.0032390528425856,0.6954778973013163,0.6948246397078037,0.6930247228592634,0.7024813257157803,0.6954767350107431,0.5661824744137622,0.0102538368187794,0.5667452308116612,0.5572892435288798,0.5542389329433275,0.5833242505120726,0.5693147142728702,0.3963079153056591,0.0617552119040872,0.3675832637393215,0.4418826599779456,0.4202189156012492,0.2900090971946075,0.4618456400151715,27.2,7.138627319029899,21,23,30,22,40
225,0.6792174783505891,0.0131832702690253,0.6703594214037845,0.6955410656176115,0.6597045007504915,0.6911885380744934,0.6792938659065648,0.5839100524642814,0.0479134706309323,0.6225049230247299,0.5198220331818106,0.6430704340431034,0.5369519189633277,0.5972009531084354,0.5603281331806883,0.0400413312026699,0.5936256959907303,0.4995310568635038,0.6089638973037391,0.5321146012789344,0.5674054144665337,0.6929229784756898,0.006953045160024,0.6864753607660532,0.6952572092413902,0.6959958747029305,0.7030536290258169,0.6838328186422586,0.5828817199932976,0.0112917450366186,0.5839294109736313,0.5719518026602337,0.5938225561153163,0.5682688332100125,0.596435997007294,0.4074847779363389,0.1066651005858394,0.487974223008741,0.2865788176052107,0.4242723333790298,0.2865788176052107,0.5520196980835024,0.6954432971775532,0.0060957122917707,0.6897475384175777,0.6953829098492861,0.7015059590339661,0.7029235307127237,0.6876565478742123,0.5722785994450632,0.0126847982763984,0.5724421811452274,0.5506384625979194,0.5832463757677494,0.5864964960161136,0.5685694816983063,0.3959119932571417,0.1027538219713444,0.4502701040659549,0.2943755681901046,0.4110353074907944,0.2726828710286896,0.551196115510165,25.0,13.564659966250536,35,8,44,12,26
250,0.6763236938024821,0.0094829892675052,0.6773233099987632,0.6837688383303191,0.6680618417890448,0.6889784367460954,0.6634860421481885,0.6019968418580931,0.030459959360529,0.6060817068146045,0.5815561688387921,0.6327579623774287,0.5550793563028543,0.634509014956786,0.5769270462053897,0.0231944379682295,0.5831666819250614,0.5652723166580924,0.60425460653543,0.5383278179927669,0.5936138079155978,0.6953278340399265,0.0074437142759479,0.6852333713322878,0.6921082120388746,0.707754235714674,0.6980044785887003,0.6935388725250959,0.5780876929432015,0.017817796193259,0.5778140025397637,0.5702286445612109,0.5841807814896715,0.5518465208007372,0.6063685153246248,0.3836925996749684,0.0914996548110991,0.543010776553429,0.4112323748168809,0.3051892883909675,0.2865788176052107,0.3724517410083539,0.6989044178277254,0.0062528996363447,0.690391905605793,0.6964872255921364,0.709446219727397,0.697368735447526,0.7008280027657747,0.563465767648043,0.0140593860514451,0.5426265553644225,0.5566521144272428,0.5849143560928143,0.5703325156339143,0.5628032967218216,0.3748168619954488,0.0780596679932793,0.4963368228869697,0.3823143318728821,0.3121281416381406,0.2726828710286896,0.4106221425505622,27.6,13.720058308913996,22,15,38,14,49
275,0.6789969732886866,0.0088980444265094,0.6761097450005381,0.6712600093138845,0.679526644631436,0.6958011263295224,0.6722873411680522,0.5891639706320029,0.0420528382495676,0.6121748123046982,0.6173022981425103,0.5961538057841576,0.5063263924031547,0.6138625445254937,0.5670073294092348,0.0274475036422897,0.5865801441477401,0.5797968661297354,0.5688288049086846,0.51363473809113,0.5861960937688838,0.7017333287745714,0.0194612230422276,0.68918901309371,0.6948928348720074,0.6913315616548061,0.6927757579833269,0.7404774762690067,0.569024526234392,0.0114897990707499,0.5736590130108083,0.5714567111860099,0.5696079997748317,0.5478345375418409,0.5825643696584698,0.401525482320914,0.0933817408949023,0.4678910321641093,0.4586565254410097,0.3045231071681502,0.5026723697503799,0.2738843770809211,0.7033681914210319,0.0210630269171362,0.6935643590986729,0.6956475116312504,0.6896025706082582,0.6927120890468359,0.7453144267201424,0.5605004118543354,0.0176935087868811,0.5614937142159957,0.5484486669727316,0.5943137797275521,0.5462218372496381,0.5520240611057596,0.3867014741911024,0.0743420921572639,0.4151017937690241,0.4597684811782043,0.311781113420232,0.4615271868492041,0.285328795738848,26.0,9.838699100999074,27,29,33,7,34
300,0.6851327620054546,0.0097512199471111,0.675650766021327,0.6728308934914439,0.6923693506341232,0.6985711141636497,0.6862416857167294,0.5640680270674048,0.044946426970044,0.6081047753261353,0.6133524511780766,0.539066121194458,0.4926668817314705,0.5671499059068841,0.5485413186957556,0.0352199188081793,0.5855949150247343,0.5919723156309928,0.5209188636834621,0.5023265434283078,0.5418939557112812,0.6925181701779366,0.0041388325212764,0.6889056991785765,0.6867689546197653,0.6965387929230928,0.6930535957217216,0.6973238084465265,0.5649762008059197,0.0138074860312124,0.5677739123812768,0.5782603772777225,0.5594573287056778,0.5412191655637801,0.5781702201011407,0.4082986652902068,0.1061970585644682,0.5026986073087908,0.5503207548257834,0.2865788176052107,0.4053232869460028,0.2965718597652464,0.6943502146750689,0.0034978638251811,0.6933743227273226,0.6896026898175478,0.6955248154699802,0.6930219605565071,0.7002272848039865,0.5549375644023812,0.0184086486773046,0.5585546928460954,0.5593050016533688,0.5843152845002911,0.5433702448918137,0.5291425981203367,0.4040502665076722,0.0908513892300156,0.463470325689314,0.5281071428448929,0.2944523402310067,0.4287884044240888,0.3054331193490584,22.0,8.966604708583958,30,30,19,6,25
325,0.698098970337918,0.0039896405690613,0.6961193856440092,0.6970390489226893,0.6944407023881611,0.6970472348363776,0.7058484798983524,0.5089554979520422,0.0062879773940763,0.4966550146444098,0.5112152787838689,0.51340051135357,0.510040043436902,0.5134666415414603,0.5090981612563331,0.0065659032606177,0.5010358941015208,0.5022015015104904,0.5180848877132429,0.5106016085633269,0.513566914393085,0.6931702330708504,0.0004994411892172,0.694121990352869,0.6929720491170883,0.6930099632591009,0.6930976323783398,0.6926495302468538,0.5476863681340541,0.005750525574835,0.546152662874648,0.5466025796022139,0.545254964216452,0.5417503659519808,0.5586712680249759,0.3494132841422485,0.0824662852773248,0.2865788176052107,0.2907683524661011,0.2853864537674981,0.3906381178001672,0.4936946790722649,0.693201919645071,0.0005185573219861,0.6942280102521181,0.692850986495614,0.6929029021412134,0.693078426644206,0.6929492726922035,0.5349618774106218,0.0092049750277492,0.5218661905038707,0.5436554931820159,0.5470752507194925,0.5308654442216716,0.5313470084260586,0.3532170925970977,0.0655219917005905,0.2920138538372269,0.315204962850367,0.2972119143320677,0.4074649016764532,0.4541898302893741,7.0,4.0,8,5,14,6,2
350,0.6862719342583105,0.0167867628606806,0.6622076047094245,0.6950372294375771,0.6950823752503646,0.7076046234682987,0.6714278384258873,0.5534475609358208,0.0621815445743431,0.6397406321991719,0.5061428946771085,0.5165691605566679,0.4880254305371508,0.6167596867090048,0.5403513867074043,0.0440317838725593,0.6027698335671443,0.5037520778105434,0.5181493595672907,0.4940515609140329,0.5830341016780104,0.6972767919301986,0.009231105357595,0.6910681668668985,0.6936153285205364,0.6931951623409986,0.6928480844944715,0.7156572174280882,0.5618186512382088,0.0170537906173376,0.5773798144479199,0.5487164767781213,0.5541753569562774,0.5424053088193895,0.5864162991893364,0.3406903523228554,0.0600884706735315,0.4407894891172332,0.2865788176052107,0.2865788176052107,0.3774950188424772,0.3120096184441449,0.6998641278594733,0.010618610573274,0.6990793664008379,0.6934840343892574,0.6931296307593584,0.6930206250399351,0.7206069827079773,0.5474098854236507,0.0154012839625955,0.5675445341112517,0.557063542499739,0.5460950036118927,0.5213345984528938,0.545011748442476,0.3447455793552708,0.0486679200507291,0.4274773741714701,0.3014655644279615,0.2944523402310067,0.3665514260600652,0.3337811918858502,20.6,16.91862878604528,42,11,8,2,40
375,0.6918670760957818,0.0071456792937777,0.6947011489617197,0.6997572823574668,0.6974036831604807,0.6870648540948566,0.6804084119043852,0.5318117231443519,0.040796751208389,0.5034880867854554,0.501626055056813,0.4926056451273167,0.5684791093584733,0.5928597193937007,0.5231235733998172,0.0326844467804318,0.4989977762849617,0.495948463027014,0.4976813762077142,0.5468532826076506,0.576136968871745,0.6960140515118838,0.003589175382047,0.6930408850312233,0.6932014040648937,0.6930120196193457,0.7002759091556072,0.7005400396883488,0.5431699332329176,0.0108244329134302,0.5482368447689141,0.539990914814151,0.5334928108094258,0.5324686710046435,0.5616604247674538,0.3482451141293032,0.070286821113232,0.2865788176052107,0.3911185510636193,0.4668762440568712,0.2970735234628277,0.2995784344579871,0.6961748413741589,0.0039834225043503,0.6930543966591358,0.6929744090884924,0.6930695381015539,0.6992617417126894,0.7025141213089228,0.5377644075062579,0.014838631939264,0.5254102069204474,0.5538126236673032,0.5183206824939742,0.5553518406427312,0.5359266838068326,0.3528827671044903,0.0724472837811553,0.2979919718253528,0.3811544081618361,0.481693359647967,0.2842222285970709,0.3193518672902247,14.8,9.744742172063866,11,4,7,22,30
400,0.6993719136087518,0.0071038275582896,0.6898820864526849,0.6997288001211066,0.6929608100338986,0.7068072325304935,0.7074806389055754,0.5143524774975478,0.025520990263771,0.5502131622722504,0.5005778233389261,0.5240451286799147,0.4741527981067405,0.5227734750899075,0.5083303974431213,0.0175173770861833,0.538237024071893,0.5068112080037335,0.507964096624367,0.4832552002764156,0.5053844582391975,0.6939566370099783,0.0015157245461729,0.6927583571523428,0.6934944987297058,0.6936382912099361,0.6929738931357861,0.6969181448221207,0.5419039043697456,0.005668967907323,0.5462870865992236,0.5493882019428048,0.5366072403252223,0.5428503122469448,0.5343866807345321,0.3496060793297046,0.0538656651967433,0.3637009002983269,0.2865788176052107,0.2861981420791864,0.4040876349893461,0.4074649016764532,0.6938926130533218,0.0015866308626152,0.6924269031733274,0.6934934761375189,0.6934067141264677,0.6931600719690323,0.6969758998602629,0.5267750074904427,0.0138219462781977,0.5420571389858047,0.5349580542820601,0.5366652687951905,0.5095426468663327,0.5106519285228257,0.3550138550726905,0.0514001115687981,0.3621152927343906,0.2943755681901046,0.3003779939201748,0.4270818694551633,0.3911185510636193,8.0,6.603029607687671,16,4,16,3,1
425,0.7056977418849343,0.0096158199171127,0.7141617040885122,0.6979747226363734,0.6936178132107383,0.7035946770718223,0.719139792417225,0.5036818731067012,0.0109116876408589,0.5057027759654523,0.4948329402452039,0.5216005302430511,0.5062099013519433,0.4900632177278551,0.502525225766097,0.0071734088684006,0.5044114534789266,0.5035075555086306,0.5139829259797948,0.4984334503524057,0.4922907435107275,0.6936619598418474,0.0006525295394712,0.6946643330156803,0.6930898670107126,0.692965529859066,0.6934232152998447,0.6941668540239334,0.5361092597115367,0.0045428818104649,0.5423955320172577,0.5316559438455905,0.5325959673083652,0.5408278710685198,0.5330709843179502,0.2918848749227913,0.0183663084904649,0.2865788176052107,0.2865788176052107,0.3270050507696345,0.2865788176052107,0.2726828710286896,0.6936597660183906,0.0007036072078188,0.6947431061416864,0.6929064150899649,0.6930519007146358,0.6933949440717697,0.6942024640738964,0.5208574820672619,0.019326284595951,0.4895251683935502,0.550104584028156,0.5171718601716363,0.5240465920834576,0.5234392056595096,0.3067652321159074,0.032519502493451,0.2920138538372269,0.3094399933515911,0.3683659120042937,0.2774275837812149,0.2865788176052107,4.4,3.7735924528226414,1,6,11,3,1
450,0.6956779123607434,0.0025045743015837,0.6952869095300374,0.6932242914250023,0.7002594113349915,0.6936491250991821,0.6959698244145042,0.5104761318276334,0.0134609118963993,0.5013429747760281,0.5273909447786274,0.4903082304262645,0.521817142726385,0.5115213664308621,0.5082751537084482,0.0100594544450736,0.5018299486426553,0.5207049624571045,0.4930228209014128,0.5170528840488975,0.5087651524921705,0.693290189281106,0.0005323493717449,0.6932003907859325,0.6926011089235544,0.6928527224808931,0.6939368210732937,0.6938599031418562,0.5378145082735809,0.0038895885154239,0.541117263102784,0.538674633798367,0.5425548417658972,0.5343355571738017,0.5323902455270552,0.4170935829825897,0.0814861482949222,0.3911185510636193,0.4718617496220451,0.5284438949456203,0.2865788176052107,0.4074649016764532,0.6931905604898929,0.0006388623503925,0.6931600514799356,0.6921320706605911,0.6929639801383018,0.6938117370009422,0.693884963169694,0.5319919169400498,0.0067936270726002,0.5290098522710117,0.5455198531657306,0.5275837476366614,0.5283746933536457,0.5294714382731991,0.4062183831600588,0.0777450147265879,0.3853802563314487,0.475523757364661,0.4995330323722419,0.2795363186683234,0.3911185510636193,13.0,6.06630035524124,18,20,4,15,8
475,0.7016678877880699,0.0068350919111236,0.7100515158552873,0.693729703677328,0.7075370914057681,0.6937195577119526,0.7033015702900134,0.5086462180623302,0.0099208369804143,0.5093085222061549,0.5202311576818855,0.500865394362599,0.518391110711092,0.4944349053499197,0.5138186853455415,0.0084076674592916,0.513216302953616,0.5229710705480928,0.5118647473545207,0.5215602052786382,0.4994811005928403,0.6938505180180072,0.0007050773613148,0.6933655291795731,0.6938286032527685,0.6941543649882078,0.6949857380241156,0.6929183546453714,0.5343929072849983,0.0067856279839356,0.536886892166195,0.5464361097218647,0.5271636984043863,0.5307514619537375,0.5307263741788079,0.382856413990043,0.0515821257139695,0.3911185510636193,0.3911185510636193,0.3911185510636193,0.2904894419053227,0.4504369748540339,0.693825626373291,0.0006358787000691,0.6934003662317991,0.6937746070325375,0.6940916161984205,0.6948649547994137,0.6929965876042843,0.523073630370864,0.0066494286677179,0.5194872849173504,0.535719966922348,0.5165564998897334,0.5229372653432958,0.5206671347815921,0.3744178790645058,0.0536219857336374,0.3853802563314487,0.3808275663743966,0.3812393886033031,0.2790260397625548,0.4456161442508258,8.8,8.565045242145542,1,22,2,16,3
500,0.6969449390863117,0.0042275743714736,0.6948965762790881,0.6951470243303399,0.7053720336211355,0.6951159270186174,0.6941931341823778,0.5138238701392018,0.0065025026958059,0.5093212190295835,0.5048856188266687,0.5124746363638534,0.5210576824581732,0.5213801940177308,0.51227446178351,0.0069672877634359,0.503350651009212,0.5062732787536449,0.5116666104907961,0.5217819724692009,0.518299796194696,0.6935873910784721,0.0006208737671944,0.6937546357512474,0.6947160046547651,0.6929458752274513,0.6932655684649944,0.6932548712939024,0.530863182037111,0.0040504856096002,0.5314510802473535,0.5368230322705277,0.528198948617132,0.5328917988824204,0.5249510501681214,0.3653664803363129,0.0708791643471951,0.2876341599549166,0.3911185510636193,0.4717722336355251,0.3911185510636193,0.2851889059638844,0.6937757864594459,0.0006230321653957,0.6943913847208023,0.6946621518582106,0.6931631062179804,0.6932789385318756,0.6933833509683609,0.5182627764763005,0.0119874980060923,0.5259783550528582,0.5314236120687674,0.4965421793676111,0.5212946701217337,0.5160750657705325,0.3701173611623181,0.0673054451727196,0.3061061181440478,0.3808275663743966,0.470061145208761,0.4074649016764532,0.2861270744079319,9.6,6.829348431585549,22,7,2,6,11
525,0.6940526263337385,0.0080495875915593,0.6919192389438027,0.6953949062447798,0.7073861078212136,0.6933126662906848,0.6822502123682123,0.5285135502970681,0.0285037776263492,0.535460399373656,0.5053373388080035,0.5017487296272782,0.5197094398088978,0.5803118438675051,0.5204157766397906,0.0160403438153825,0.5230838790624973,0.5104630418200411,0.5046521571780515,0.513689083515771,0.5501907216225919,0.6934065520763397,0.0005749933950028,0.692496569827199,0.6931107863783836,0.6939134113490582,0.693412184715271,0.6940998081117868,0.5359868173925834,0.0139992201162152,0.5294924240806654,0.5416975249656685,0.5205017737965535,0.5277966737737049,0.5604456903463245,0.3497724508652433,0.0762217556824229,0.4812551810968912,0.2857463988819075,0.3911185510636193,0.2912958797846054,0.2994462434991932,0.6939052566885948,0.0011552512337037,0.6931384894996881,0.693040369078517,0.6941933892667294,0.6931019723415375,0.6960520632565022,0.5238743115478759,0.0112722932601656,0.5227638014767042,0.5417456611361496,0.5062010396726208,0.5253163783268467,0.5233446771270578,0.350037198968848,0.0537746463749688,0.4410274832592522,0.3177646078776951,0.3812393886033031,0.2972848994242774,0.3128696156797123,19.6,13.062924634246343,22,11,2,22,41
550,0.7048677557393124,0.0075815510236778,0.7058532627005326,0.6941889009977642,0.6999139403042041,0.7076868709764983,0.716695803717563,0.4997489974203147,0.0095000135374142,0.4990560011850364,0.5177179276442965,0.4900229146686491,0.4944262061203028,0.4975219374832888,0.4996773406216805,0.0067653975557421,0.497886772345553,0.5122937130451459,0.4997914062309697,0.4960268351110468,0.4923879763756871,0.6937724206596613,0.0005463028444188,0.6934459581971169,0.6934040449559689,0.6935865171253681,0.6948560420423746,0.693569540977478,0.5326237814496745,0.0083433532805297,0.5312730357481409,0.5478377383361177,0.5278599575915087,0.5230404370677293,0.5331077385048764,0.3255251730338142,0.053789069782677,0.3911185510636193,0.2861270744079319,0.3911185510636193,0.2865788176052107,0.2726828710286896,0.6938863750547171,0.0004734965768782,0.6937274411320686,0.6934440862387419,0.6937798801809549,0.6948051862418652,0.6936752814799547,0.5100535566518962,0.012158636188799,0.5017356832724539,0.5253184646093726,0.4941940661959116,0.5230455436356061,0.5059740255461369,0.3265170930515014,0.0476343245279355,0.3853802563314487,0.3067041316888545,0.3812393886033031,0.2726828710286896,0.2865788176052107,6.2,7.520638270785266,2,21,5,2,1
575,0.6972172131036457,0.0031245171858018,0.7032809822182906,0.6955245243875604,0.6945819779446251,0.6957461721018741,0.6969524088658785,0.5120485844651884,0.003706983355224,0.5101018072362901,0.5078705958778462,0.517925731654491,0.5096335376200998,0.5147112499372152,0.5042666416617003,0.0057260369816905,0.4993656253131939,0.499209871784552,0.5016558356123408,0.5067730051221647,0.5143288704762501,0.6942803937941789,0.0015433842126998,0.6970003172755241,0.6933933794498444,0.6929773297160864,0.6930441185832024,0.6949868239462376,0.5279612870389103,0.0051955959100007,0.5340296360577416,0.5314321256843296,0.5222234779874947,0.5212672788825918,0.5308539165823936,0.3839825086959286,0.0508432931863517,0.2865788176052107,0.3911185510636193,0.3999791284186184,0.4347711447157414,0.4074649016764532,0.6943866100162268,0.0017540414712953,0.6975152920931578,0.6933419145643711,0.6929538995027542,0.6930030193179846,0.6951189246028662,0.5180117001425724,0.0118253184769481,0.5006159383413338,0.5371913993131162,0.514495788636196,0.5161522610460971,0.5216031133761185,0.3849451303246633,0.0507591017089565,0.2920138538372269,0.3808275663743966,0.4248162670495656,0.4359494132985082,0.3911185510636193,9.8,5.192301994298868,3,10,16,15,5
600,0.69718654946277,0.0043088037082107,0.6941976183339169,0.6924856211009779,0.703605500020479,0.700967316251052,0.6946766916074251,0.51167541280349,0.0143751128460681,0.5136645524979332,0.5351941351940054,0.4910369317005916,0.5048629358129313,0.5136185088119885,0.5088759161928023,0.0093749208910782,0.5131412713443052,0.5221874712891591,0.4978447766029639,0.4984986182380401,0.512707443489543,0.6934259332716465,0.0008081391174646,0.6928864605724812,0.6928287371993065,0.6940966714173555,0.6946736238896847,0.6926441732794046,0.5295662458889937,0.0061035265751425,0.5233212406969481,0.5407174737323006,0.5253548509829954,0.5276475314160195,0.5307901326167048,0.382461805061176,0.0839499622799535,0.4178384727610218,0.5017086811672444,0.2865788176052107,0.2865788176052107,0.4196042361671923,0.6935441959649324,0.0007497485941517,0.6929990667849779,0.6930465921759605,0.694190913811326,0.6946827303618193,0.6928016766905785,0.5122163360887797,0.00773550691769,0.5039351497403151,0.5169515090591046,0.5052878543398992,0.5101965511133073,0.5247106161912725,0.3798381127679455,0.0835617013028286,0.4071243655391376,0.4919672387981127,0.2944523402310067,0.2726828710286896,0.4329637482427808,11.4,10.05186549850325,9,31,4,4,9
625,0.6965722762910943,0.0046057712074073,0.6958602654306512,0.6907286380466662,0.7049211514623541,0.6958981808863188,0.6954531456294812,0.5113281854200975,0.0182039409867908,0.4948897074596846,0.5466713434799136,0.5028262074994585,0.5037642908831121,0.5084893777783186,0.5110084819213824,0.0118635669221197,0.5079629877015088,0.532139289088857,0.5074159324622762,0.4956995774452928,0.5118246229089768,0.6934453688561917,0.0008079640719554,0.6940141692757607,0.6924461796879768,0.6930758897215128,0.6929834131151438,0.6947071924805641,0.5344535178754057,0.0039992596757708,0.53425429477086,0.5401766524219298,0.5307849263215821,0.53752565548594,0.5295260603767167,0.3591449719051717,0.078301359428866,0.3911185510636193,0.4890809602955815,0.2865788176052107,0.3562636595327574,0.2726828710286896,0.6937250345945358,0.0008113801659141,0.6944579761475325,0.6929392367601395,0.6933210249990225,0.6929866634309292,0.6949202716350555,0.5128076291109543,0.0062990469735256,0.5070498918818809,0.5160544368045111,0.5046318892029609,0.5220721556626784,0.5142297720027409,0.3668392820173963,0.0764446519619203,0.3866891374420324,0.5006154116280848,0.3001910207247892,0.3601220226868644,0.2865788176052107,12.6,9.156418513807678,17,28,2,6,10
650,0.6985958133245769,0.0055607262760496,0.6970672688986126,0.7082133393538625,0.6933835857792905,0.6933845093375758,0.7009303632535433,0.5075734218419264,0.0109209627666258,0.49074000164255,0.5149211248994594,0.5139261048545289,0.5194772458583984,0.4988026319546958,0.5061891266411374,0.0103410815972918,0.4931496342168187,0.5108625621053947,0.5071171520294663,0.5224440327690248,0.4973722520849817,0.6938821077346802,0.0008028783756499,0.6948156841099262,0.69411900639534,0.6945978980511427,0.6929838545620441,0.6928940955549479,0.5336574715298334,0.0063441563134677,0.5304788131957885,0.5447334276551031,0.525397349000396,0.5335512394496467,0.5341265283482335,0.350224020258855,0.078316684056426,0.2865788176052107,0.3911185510636193,0.2865788176052107,0.300789335958491,0.4860545790617435,0.6939763963222504,0.0008697752560673,0.6950848866254091,0.6941741276532412,0.6946792919188738,0.6930061765015125,0.6929374989122152,0.519820677751801,0.0129365243706747,0.5015034440610855,0.5195542332724097,0.5114979630705652,0.5273606811557715,0.5391870671991729,0.3497924202327327,0.0716774871804885,0.2920138538372269,0.3808275663743966,0.2944523402310067,0.3043604956089173,0.4773078451121163,7.4,4.758150901348127,8,1,13,12,3
675,0.6957697362648814,0.0024841244482121,0.7002268188878109,0.6950139899002878,0.6928544264090689,0.6944795934777511,0.6962738526494879,0.5056071639682963,0.0109804030381591,0.4994247878903761,0.4989598708063144,0.5256244118803951,0.5088660061155399,0.4951607431488561,0.5032802611540725,0.0101999862470858,0.4969925022355601,0.4893489516772074,0.5200135361945442,0.5055248699051075,0.504521445757944,0.6931884739547968,0.0006665760132941,0.6943912226706743,0.6933300048112869,0.6924566458910704,0.6927560307085514,0.6930084656924009,0.5364670260279356,0.0043756988787967,0.5332791829823594,0.5379915300752363,0.5348873641717221,0.5442323603016054,0.5319446926087544,0.415602064976049,0.0862867773578121,0.2865788176052107,0.3911185510636193,0.5153602064046607,0.3769612809595555,0.5079914688471987,0.6933339111506939,0.0006882317171363,0.694630678743124,0.6933988314121962,0.6928475070744753,0.6927190069109201,0.6930735316127539,0.5161670090834634,0.0063712197584441,0.5117306870962177,0.5092643471227187,0.512439316065289,0.525729687175137,0.5216710079579541,0.408745586661275,0.0732400352745465,0.2920138538372269,0.3808275663743966,0.4911620434085925,0.3969330105354021,0.4827914591507566,12.4,6.343500610861482,4,12,20,19,7
700,0.7013638575453507,0.0062332105605098,0.7005666707691394,0.7067634984066612,0.6955681518504494,0.6938929306833368,0.7100280360171669,0.5091490372995942,0.0121957571629279,0.4951965587809007,0.5159509891739757,0.5215731304257887,0.5194444022955425,0.4935801058217635,0.5104917083697647,0.0088215043799824,0.4977602249734106,0.5118527396929606,0.5224775608723534,0.5165598062555934,0.5038082100545054,0.6951754227280617,0.002369417045666,0.6931269988417625,0.6990464739501476,0.6930204406380653,0.6967890858650208,0.6938941143453121,0.5348537543950563,0.0071617480411552,0.5423474877798662,0.5392711643918894,0.5368828634637608,0.5341884287654531,0.5215788275743121,0.3525719278028226,0.054212736690595,0.2865788176052107,0.2865788176052107,0.3911185510636193,0.3911185510636193,0.4074649016764532,0.6952867895364762,0.002273963221282,0.6932668909430504,0.6990067176520824,0.6933552511036396,0.6968480627983809,0.6939570251852274,0.5212404376583786,0.0115433743964693,0.5148641696515934,0.5323847143268383,0.5024789503482853,0.533311309307386,0.52316304465779,0.3540245775341638,0.0487977518412774,0.2959244781373388,0.2943755681901046,0.3812393886033031,0.4074649016764532,0.3911185510636193,5.6,4.409081537009721,5,2,5,14,2
725,0.6950829863548279,0.0017933181165244,0.6977598146388405,0.6925392106959695,0.6952312017741956,0.6938509721505014,0.6960337325146324,0.5107091782431995,0.0128738196002248,0.4942744920632717,0.5298140946298919,0.511109105706938,0.5188876605335939,0.4994605382823019,0.5054149719509107,0.0069630127369219,0.5137562373607483,0.5029748016215038,0.5079754511282301,0.5090750472248919,0.4932933224191795,0.6945082362741232,0.0016591010124778,0.6933418847620487,0.6974960938096046,0.693347854539752,0.6932003349065781,0.6951550133526325,0.5362881976410998,0.0071175802586996,0.537892657303258,0.5449076644187935,0.523351506430097,0.5392866396351031,0.5360025204182477,0.3335518740406457,0.054034737960008,0.2865788176052107,0.2865788176052107,0.3911185510636193,0.2960182822527345,0.4074649016764532,0.694544330239296,0.0015960947377199,0.6935027744621038,0.697405744343996,0.6934493128210306,0.6931810844689608,0.6951827351003885,0.5207879721965878,0.0095886170440825,0.5220884760774921,0.5289036625708166,0.502101887464045,0.5253308681756254,0.5255149666949595,0.3302691099715604,0.0457635949164822,0.2920138538372269,0.2943755681901046,0.3812393886033031,0.2925981881635479,0.3911185510636193,15.8,10.02796090937734,9,32,6,23,9
750,0.7022676170499701,0.0079205268547976,0.7012404303801687,0.6959242343902587,0.7177440254311812,0.6981491898235522,0.6982802052246897,0.5026197263495159,0.0094702086193978,0.5176727233628627,0.5020928244695787,0.4961027253920684,0.4900416789390122,0.5071886795840572,0.5061506758511367,0.010233754075482,0.5242535135865105,0.4998386650570843,0.498947377193368,0.4970127836195116,0.5107010397992091,0.6942234426736832,0.0009211099900321,0.6956342812627554,0.6944684032350779,0.6930899731814861,0.6933415606617928,0.6945829950273037,0.5472304140023432,0.0078158807795132,0.5436208361537763,0.547362148151274,0.5616422433030344,0.5452930607947963,0.5382337816088356,0.3316639811111409,0.0554592487360806,0.2865788176052107,0.2865788176052107,0.3911185510636193,0.2865788176052107,0.4074649016764532,0.6942930869758129,0.0009472321528715,0.6958632823079824,0.6944305878132582,0.6932301204651594,0.6933944895863533,0.6945469547063112,0.5166386252037948,0.0157250869951244,0.5171905616632331,0.531519826078751,0.4865760712500408,0.5225622968224873,0.5253443702044617,0.3262860465445887,0.0495767802359189,0.2920138538372269,0.2943755681901046,0.3812393886033031,0.2726828710286896,0.3911185510636193,5.8,4.874423042781576,3,15,1,6,4
775,0.6936160307181509,0.0007470016428822,0.6941455408146507,0.6937729239463806,0.6937263394656934,0.6942558263477526,0.6921795230162772,0.51684889748264,0.007582069904577,0.5107933099354364,0.5101040627264448,0.5214163027386897,0.5122900527531241,0.5296407592595047,0.513969251326566,0.0114388366992901,0.5107555538824722,0.4983907607385097,0.5288104411746041,0.5066401387805721,0.5252493620566717,0.6938740141689778,0.001329349521408,0.6928231175988913,0.6940257586538792,0.6929603517055511,0.6963975969702005,0.6931632459163666,0.5396301208977003,0.004299149177772,0.5312451004410993,0.5418929405835606,0.5433768796989124,0.5410677753592081,0.5405679084057216,0.3159026540178528,0.0503969935653905,0.4153534526627859,0.2865788176052107,0.306828075455091,0.2865788176052107,0.2841741067609655,0.6939909670501947,0.0012549799326561,0.6933292131870985,0.6940471362322569,0.6932047717273235,0.6963967066258192,0.6929770074784756,0.5146275334389063,0.0189004871389087,0.5038978503124601,0.4973100048413274,0.499973447358507,0.5249175196626089,0.5470388450196281,0.3232121745706793,0.0532740365146758,0.424129529105176,0.2943755681901046,0.3263883270522898,0.2726828710286896,0.2984845774771364,17.8,3.54400902933387,21,20,13,14,21
800,0.6947618929963364,0.0004222014981461,0.6945656004704928,0.6944324581246627,0.6944742497644927,0.695575203393635,0.6947619532283984,0.5047837612025144,0.0027343905552165,0.5045145272602138,0.5046997404970903,0.5061054380939659,0.5001109249171164,0.5084881752441859,0.5052575396071721,0.0043637065044214,0.5120293614714276,0.4992140614795122,0.5034643920282718,0.5079166985891952,0.5036631844674536,0.693179364874959,0.0002042311297249,0.6934580989181995,0.6933605819940567,0.6931613236665726,0.692953322082758,0.6929634977132082,0.5438189876253361,0.0054589811731528,0.5401425246415601,0.5531128765673531,0.5368972960790848,0.5440532345000495,0.544889006338633,0.3073235223792614,0.0419755000304451,0.3911185510636193,0.2865788176052107,0.2865788176052107,0.2902041929611469,0.2821372326611195,0.6932810999453067,0.0002503527932108,0.6936038136482239,0.6934368517249823,0.6933863498270512,0.6929471679031849,0.6930313166230917,0.5201925212004708,0.0173410125848845,0.4968032055119963,0.5301823046167212,0.5017834996934994,0.5385374544219587,0.5336561417581788,0.3088043476883301,0.0385378198207339,0.3853802563314487,0.2943755681901046,0.2944523402310067,0.2832347560838793,0.2865788176052107,10.2,2.039607805437114,8,13,10,8,12
825,0.6985319270585713,0.0021159823030365,0.6997231803442302,0.701646425849513,0.6956146328072799,0.6987845891400387,0.6968908071517944,0.4934978450723283,0.0066945222119206,0.4871560504960882,0.4839037299554092,0.4966455108020001,0.5001568665868966,0.4996270675212477,0.4979123207238103,0.0046951456580918,0.4906325138599991,0.4979008235079192,0.5015212606212461,0.4954278876318507,0.5040791179980364,0.6935046762228012,0.0006134431596893,0.6947126723825932,0.6932481285184622,0.6933508981019258,0.6930200960487127,0.6931915860623121,0.5397650046661135,0.0071611686502755,0.5406231866970427,0.5320738231865904,0.5527848931321624,0.5346885523770469,0.5386545679377257,0.3338369789246863,0.0538393538679441,0.3911185510636193,0.2865788176052107,0.2865788176052107,0.2974438066729377,0.4074649016764532,0.6935852199792862,0.0006760637400248,0.6949104927480221,0.6933157742023468,0.6934450212866068,0.6930338144302368,0.6932209972292185,0.5080750857785928,0.023376893837069,0.509089158781602,0.5005078934666661,0.468150292596893,0.5312197062867046,0.5314083777610983,0.3329294012304339,0.0452405215697317,0.3853802563314487,0.2943755681901046,0.2944523402310067,0.2993202903359898,0.3911185510636193,8.8,4.707440918375928,6,5,18,7,8
850,0.7013225071053755,0.0098345952400917,0.6967470256905807,0.7203492057950873,0.6935674899502804,0.6949672335072568,0.7009815805836728,0.4951618160886856,0.0156940033787557,0.4836121028075542,0.4739886235285777,0.5134208589702207,0.5126848708646105,0.492102624272465,0.4985689967393542,0.0097349393298071,0.5010519198064417,0.4812022301077048,0.5078094744802973,0.5070812644536874,0.4957000948486399,0.693404832854867,0.0007531412091782,0.6929176151752472,0.6946837175637484,0.6925968248397112,0.6930191945284605,0.6938068121671677,0.5385478199695694,0.0024393654845735,0.5404908539317552,0.538114623935133,0.5373620341566112,0.5348978943169,0.5418736935074475,0.4108862085980779,0.0738167721544626,0.5190590429391129,0.3911185510636193,0.4443206276816696,0.2924679196295346,0.4074649016764532,0.6935692943632603,0.0006447498259998,0.6932088751345873,0.694744048640132,0.6930476427078247,0.693066855892539,0.6937790494412184,0.5213966369381918,0.0140591080172779,0.5024676771745573,0.5187965316016048,0.5142293936051434,0.5267972191414536,0.5446923631682,0.4014550494174418,0.0742345703032178,0.4896111596634657,0.3808275663743966,0.4667060715505959,0.2790118984351316,0.3911185510636193,11.6,8.822698000045111,12,1,26,15,4
875,0.6986923247889468,0.009781070518443,0.6937359276570771,0.6935751293834888,0.6932786251369275,0.6946385371057611,0.7182334046614798,0.5108685016028125,0.0122385331035976,0.5172296065426778,0.5203789303130285,0.5192455554090722,0.5100097421505724,0.4874786735987119,0.5107327536549017,0.0095866307966205,0.5122244538640369,0.5177696738278228,0.5208710346362401,0.5094851761668565,0.4933134297795521,0.6951414622366429,0.0022741449673315,0.6943616475909948,0.693275673314929,0.693739976733923,0.6947550512850285,0.6995749622583389,0.5368208460700938,0.00301887200091,0.5332879730355483,0.5415561205207223,0.5375358930691476,0.5338232093625409,0.5379010343625104,0.3047075749815883,0.0435393936171711,0.3911185510636193,0.2865788176052107,0.2865788176052107,0.2865788176052107,0.2726828710286896,0.6952450156211853,0.0022608164003883,0.6945585012435913,0.6932211834937334,0.6940389033406973,0.6947675496339798,0.6996389403939247,0.5209358472271034,0.0161573972964403,0.5169589943634394,0.5462518347225771,0.5111723947922578,0.5307407871954295,0.4995552250618131,0.3066939706772921,0.0401360346528845,0.3853802563314487,0.2943755681901046,0.2944523402310067,0.2726828710286896,0.2865788176052107,10.0,6.164414002968976,9,8,20,12,1
900,0.7072032836863871,0.006873119416029,0.7075962951308803,0.6957090609952024,0.7051164244350634,0.711286377279382,0.7163082605914066,0.4989507692247297,0.0095570044742791,0.4967210194170461,0.4908579644790683,0.5075323587555622,0.4873501402925301,0.5122923631794419,0.5040779787429077,0.0054983975995458,0.5026628931773319,0.4968251542443136,0.510747689470153,0.5000733543498349,0.5100808024729053,0.6963317230343818,0.0060938804640937,0.6926915571093559,0.6931943912059069,0.6937490627169609,0.7084986846894026,0.693524919450283,0.5322193595101987,0.0051293683340545,0.5265955179252454,0.533705403658586,0.5260603907216927,0.539207794560007,0.5355276906854628,0.3620202909223052,0.0731106150910877,0.468602663850387,0.2865788176052107,0.3911185510636193,0.3911185510636193,0.2726828710286896,0.6966067757457495,0.0061911689336805,0.693348566070199,0.6932368017733097,0.6939130835235119,0.7089805454015732,0.6935548819601536,0.5073719070556143,0.0157539037735736,0.4850728887411205,0.5072203337797996,0.4971761166502176,0.5163871928272248,0.5310030032797092,0.360614368011408,0.0596470787207457,0.4334131639819685,0.2943755681901046,0.3812393886033031,0.4074649016764532,0.2865788176052107,4.0,4.516635916254486,2,13,2,2,1
925,0.6954413727710123,0.0014687676295958,0.6972897291183472,0.6962412991021809,0.6931855502881502,0.6943607386789824,0.6961295466674001,0.5058211062573215,0.010844438826467,0.4950411517976459,0.5086656250546615,0.5231990030467771,0.508752954455615,0.4934467969319078,0.5055355734843373,0.0099784255541615,0.4971593341748214,0.5039974691349559,0.5244915482105477,0.5045582878814446,0.4974712280199172,0.6933791533112525,0.0003903932017858,0.6932449024170637,0.6938736271113157,0.6927306465804577,0.6933865621685982,0.6936600282788277,0.53930947561736,0.0060386580813748,0.5485899337905977,0.5417637394069585,0.537116454277469,0.5300751471509926,0.5390021034607823,0.3572245361715261,0.0664445125715987,0.3911185510636193,0.3911185510636193,0.4446238900964911,0.2865788176052107,0.2726828710286896,0.6935271561145783,0.0002572101733006,0.6934127230197191,0.6939383819699287,0.6932217665016651,0.6933651957660913,0.6936977133154869,0.5133594760968325,0.0156983220697275,0.4851978042721408,0.510308889139921,0.5171739150864749,0.5315266367019317,0.5225901352836941,0.3547579088891661,0.0659635150979081,0.3853802563314487,0.3808275663743966,0.4483200331060846,0.2726828710286896,0.2865788176052107,16.4,11.516944039110376,7,7,37,21,10
950,0.6958209370311939,0.0009805645089712,0.6956609067163969,0.6953091044174997,0.6943657956625285,0.6971494310780575,0.6966194472814861,0.5002395675502187,0.0057197689861427,0.501688714367802,0.4961244128217563,0.5099780518914405,0.5002173172862933,0.4931893413838014,0.5026516101756711,0.0025968951230593,0.5055554583760989,0.5031680244586875,0.5050516011118278,0.5008191364457748,0.4986638304859663,0.6934633232653141,0.0003027092840707,0.693597324192524,0.6930889617651701,0.6931659672409296,0.6939153093844652,0.6935490537434816,0.5310775175512267,0.0079986584697923,0.5295966806325475,0.5405884613084417,0.5359449128580533,0.5168706275399357,0.5323869054171548,0.3465234683649517,0.0547940857618526,0.2865788176052107,0.3911185510636193,0.3911185510636193,0.3911185510636193,0.2726828710286896,0.6935325223952532,0.0002933438868685,0.6937050186097622,0.6931058373302221,0.6933257766067982,0.6939493548125029,0.6935766246169806,0.5139755139523359,0.0115475688550223,0.5112494560138112,0.534851204570878,0.4995066750845052,0.5102135991703224,0.5140566349221627,0.349624905619318,0.0502242754407705,0.2920138538372269,0.3808275663743966,0.3812393886033031,0.4074649016764532,0.2865788176052107,11.4,3.8262252939417984,11,14,17,6,9
975,0.6962991248933892,0.0014757280638407,0.6968953603192379,0.694982802240472,0.6989213184306496,0.6955886558482521,0.6951074876283344,0.4993983472515254,0.0069884570903946,0.5060435063812145,0.5023380717946287,0.486629574585518,0.497578370565244,0.5044022129310214,0.501733963021894,0.0085273197927895,0.4995012778511498,0.5124071690712234,0.4871484673733904,0.502251390424639,0.507361510389067,0.6934317421168089,0.0003598628797176,0.6934509798884392,0.6930950880050659,0.6930829174816608,0.6940732318907976,0.6934564933180809,0.5344241499085276,0.0032042718317541,0.5288240010746451,0.5379483679858584,0.5369753683933645,0.5335033717710013,0.5348696403177686,0.2924215680580702,0.0163984278925711,0.2865788176052107,0.3221499156799617,0.2941174183712779,0.2865788176052107,0.2726828710286896,0.6934569418430329,0.0003186546719054,0.693503750488162,0.693111864849925,0.6931565888226032,0.6939981710165739,0.6935143340379,0.5192041191902239,0.0142004772116189,0.5029554430448455,0.5277822159479284,0.5038686852703883,0.5399497090073676,0.5214645426805898,0.3058250951924523,0.0355602662094871,0.2920138538372269,0.3740809268343205,0.3037690066568137,0.2726828710286896,0.2865788176052107,13.0,5.656854249492381,6,22,8,14,15
