lags,train_cross_entropy_mean,train_cross_entropy_std,train_cross_entropy_fold_1,train_cross_entropy_fold_2,train_cross_entropy_fold_3,train_cross_entropy_fold_4,train_cross_entropy_fold_5,train_roc_auc_multiclass_mean,train_roc_auc_multiclass_std,train_roc_auc_multiclass_fold_1,train_roc_auc_multiclass_fold_2,train_roc_auc_multiclass_fold_3,train_roc_auc_multiclass_fold_4,train_roc_auc_multiclass_fold_5,train_f1_mean,train_f1_std,train_f1_fold_1,train_f1_fold_2,train_f1_fold_3,train_f1_fold_4,train_f1_fold_5,val_cross_entropy_mean,val_cross_entropy_std,val_cross_entropy_fold_1,val_cross_entropy_fold_2,val_cross_entropy_fold_3,val_cross_entropy_fold_4,val_cross_entropy_fold_5,val_roc_auc_multiclass_mean,val_roc_auc_multiclass_std,val_roc_auc_multiclass_fold_1,val_roc_auc_multiclass_fold_2,val_roc_auc_multiclass_fold_3,val_roc_auc_multiclass_fold_4,val_roc_auc_multiclass_fold_5,val_f1_mean,val_f1_std,val_f1_fold_1,val_f1_fold_2,val_f1_fold_3,val_f1_fold_4,val_f1_fold_5,test_cross_entropy_mean,test_cross_entropy_std,test_cross_entropy_fold_1,test_cross_entropy_fold_2,test_cross_entropy_fold_3,test_cross_entropy_fold_4,test_cross_entropy_fold_5,test_roc_auc_multiclass_mean,test_roc_auc_multiclass_std,test_roc_auc_multiclass_fold_1,test_roc_auc_multiclass_fold_2,test_roc_auc_multiclass_fold_3,test_roc_auc_multiclass_fold_4,test_roc_auc_multiclass_fold_5,test_f1_mean,test_f1_std,test_f1_fold_1,test_f1_fold_2,test_f1_fold_3,test_f1_fold_4,test_f1_fold_5,num_epochs_mean,num_epochs_std,num_epochs_fold_1,num_epochs_fold_2,num_epochs_fold_3,num_epochs_fold_4,num_epochs_fold_5
-800,1.4269552659988405,0.0329471814692362,1.4805072031523052,1.390009842420879,1.4139840602874756,1.4477202340176232,1.4025549901159189,0.5738301392570211,0.0481300382795548,0.4941117052090054,0.629246656764335,0.5843877309632707,0.5494727659025016,0.611931837445993,0.3503941780621863,0.0506119856827495,0.2859400467778182,0.4145950026356751,0.3721880567626307,0.2958928202271931,0.3833549639076141,1.48606146723032,0.0163276156195853,1.4777852408587933,1.5120019726455212,1.4761879108846188,1.4669392444193363,1.4973929673433304,0.5272192756973911,0.0056518214372841,0.5303408159796873,0.5328964478287899,0.5176769318122506,0.5312248436223983,0.5239573392438299,0.3005475214519003,0.0225289691323271,0.2865788176052107,0.2756066850846037,0.3299451419455795,0.285164664987642,0.3254422976364654,1.4887036696076392,0.0162552681577247,1.4775439724326134,1.5147724971175194,1.4777649492025375,1.4727630279958248,1.5006739012897017,0.5144763373358625,0.0159229424045328,0.542740927507747,0.5198687509286481,0.4982886734961125,0.5021986522128972,0.5092846825339076,0.2929648327945909,0.0245399510154016,0.2920138538372269,0.2594958064665636,0.3281719218119923,0.274541911746426,0.3106006701107459,8.8,4.955804677345546,1,14,12,5,12
-775,1.446228108908001,0.0250943655826519,1.4218771934509278,1.4847550329409147,1.467354999090496,1.4295389853025735,1.4276143337550915,0.5454487721272798,0.0275143216817326,0.5707897552499579,0.5019219470202099,0.5243205641856903,0.5689294816280989,0.5612821125524425,0.3242136079563801,0.0325020241254789,0.3629400968700514,0.2848300189717129,0.2861850685936639,0.3392762009787182,0.3478366543677539,1.4830038391053677,0.0193657540048509,1.4604847319424152,1.4788051806390283,1.4673884063959122,1.5144303515553474,1.493910524994135,0.5294617197298929,0.0043508412081981,0.5311103648358201,0.5262121583692047,0.5300104902930405,0.536332741825435,0.5236428433259643,0.2868095064455767,0.0254164061158446,0.2926068307914432,0.2865788176052107,0.2865788176052107,0.2442540856416067,0.3240289805844121,1.48565866202116,0.0235334122771536,1.4697905965149405,1.474892497062683,1.460719220340252,1.5264372304081917,1.4964537657797337,0.5126492454420413,0.0105910566530959,0.5226466180874138,0.5244066812345101,0.5120737690030671,0.4950576360041744,0.5090615228810416,0.2777276340501916,0.0473500020201198,0.3077236104151085,0.2943755681901046,0.2944523402310067,0.1838111211820811,0.3082755302326567,5.8,3.54400902933387,9,1,2,8,9
-750,1.41777195027,0.0348835550725368,1.387870400830319,1.4634881333300942,1.387483148825796,1.4572431601976092,1.3927749081661829,0.584391160212366,0.0402405091446432,0.6180408927567969,0.5331093285327367,0.6229382805853102,0.5376723577340109,0.6101949414529756,0.3639122266666354,0.0609975051928284,0.4202789623960917,0.2853128665482896,0.4124017718093293,0.293545400838505,0.4080221317409616,1.4790430717170238,0.0123740596805569,1.4675991870462894,1.4746093787252903,1.4902306981384754,1.465915396809578,1.496860697865486,0.5275393995889868,0.0052603529720358,0.5324102488384197,0.5179716905635731,0.5288432453641947,0.5320318011453339,0.5264400120334127,0.2987441719592401,0.0099547369973305,0.3042907243842996,0.2868212672367157,0.3068594403098241,0.2865788176052107,0.3091706102601504,1.4823476150631905,0.0109917463822923,1.4735757075250149,1.470619346946478,1.4947869665920734,1.4763190038502216,1.4964370504021645,0.5058093827448846,0.0193431328312145,0.5225298021026419,0.5260266310373483,0.4894587855303516,0.4767645992648879,0.5142670957891938,0.2996739465212694,0.0140122366743627,0.3133423547009415,0.3020277667658688,0.3057380561479146,0.2726828710286896,0.3045786839629324,10.0,5.761944116355173,14,3,16,3,14
-725,1.4470853971180164,0.029545268190933,1.466738708395707,1.461655006910625,1.460622433612221,1.4581505900935123,1.3882602465780158,0.549104416320902,0.0304760016013278,0.5181262727957925,0.5388580121037808,0.5438662411041909,0.5371756554996961,0.6074959001010497,0.3137021323707338,0.0505652997414722,0.2852248425436756,0.2880115139447461,0.286912486162336,0.2936890265816622,0.4146727926212493,1.4705024659633636,0.0063843472545557,1.4672452732920649,1.4709320403635502,1.4654774367809296,1.4661546535789969,1.4827029258012772,0.5257324429678463,0.0071936410798613,0.5300600100047221,0.5283291830611296,0.5289751179067415,0.5298975399715833,0.5114003638950549,0.2939258440209483,0.0146940528314751,0.2865788176052107,0.2865788176052107,0.2865788176052107,0.2865788176052107,0.3233139496838985,1.4704531989991665,0.0065076149514869,1.4712588042020798,1.4663275443017485,1.4604302272200584,1.4756086021661758,1.47864081710577,0.5082997839988094,0.0145819249576669,0.5324065522410206,0.5145007394340017,0.4903800968702425,0.4973241528997866,0.5068873785489955,0.2923454579958203,0.011373111607685,0.2920138538372269,0.2943755681901046,0.2944523402310067,0.2726828710286896,0.3082026566920735,5.4,4.841487374764082,2,3,4,3,15
-700,1.430989216503344,0.0246278674392169,1.4286081464667069,1.463576905350936,1.403982454852054,1.4541940011476215,1.404584574699402,0.5697423832988306,0.0304111981144454,0.5659034835555581,0.537287161626995,0.6190882156322526,0.5404575566288793,0.5859754990504684,0.3428116147967143,0.0460407307224863,0.350027607418352,0.2863796220369706,0.3921525797615224,0.293112626466907,0.3923856382998197,1.4878135725855828,0.0148600331870679,1.509939827024937,1.482816394418478,1.493592668324709,1.464239876717329,1.488479096442461,0.5277300353362328,0.0056420798157006,0.5332672620955343,0.5302537228828345,0.5302214452891746,0.5279426138197089,0.5169651325939116,0.2956390554981886,0.0275516576071886,0.2841560086413869,0.2548003123318969,0.3301927945162651,0.2865788176052107,0.3224673443961831,1.4940268307924272,0.0203776966858896,1.5319500043988228,1.47982994094491,1.495816741138697,1.4739273451268673,1.4886101223528383,0.5100123542558753,0.0083981057323018,0.5033738776001585,0.5164292051234983,0.5139499966931773,0.4970866873203419,0.5192220045422005,0.2749866766009586,0.0331404948043808,0.2197418888876673,0.2647638852674598,0.3129455826634145,0.2726828710286896,0.3047991551575616,7.8,4.069397989875161,7,3,13,4,12
-675,1.4377259294610276,0.0271336053375466,1.4523404322172466,1.4668546024121736,1.4129205176704809,1.4584602882987574,1.3980538067064787,0.5566842438416442,0.0306880555820131,0.542116954107865,0.5177701765418675,0.5904765601086107,0.5378362267701986,0.5952213016796789,0.3311346784740259,0.0513353674367716,0.2892186883101566,0.2865738597730642,0.3840078929415679,0.2928283756859862,0.4030445756593545,1.479699867963791,0.0158200107965005,1.467053420841694,1.4685226455330849,1.4977061972022057,1.4649258889257908,1.5002911873161793,0.5316466354058287,0.0109804173677053,0.5378432544581139,0.5217671896661386,0.53859866272601,0.5443851309945191,0.5156389391843617,0.2926605987977088,0.0079118615796326,0.2857976662683726,0.2865788176052107,0.304509231240772,0.2865788176052107,0.2998384612689782,1.48130407333374,0.0138852683906621,1.4746886529028416,1.461871851235628,1.4932443164288998,1.4760991111397743,1.5006164349615574,0.5000137442423308,0.0165496379128108,0.5288780605845367,0.5043665569240122,0.4867411218780527,0.498476615739956,0.4816063660850961,0.2972625992764421,0.0174509909738565,0.299110868685319,0.2943755681901046,0.327080927515189,0.2726828710286896,0.2930627609629085,7.0,4.69041575982343,5,2,11,3,14
-650,1.4326990007099352,0.022000433797476,1.4467755606299952,1.4371622524763408,1.3992325368680452,1.462192063582571,1.418132589992724,0.5614438820091725,0.024751239982192,0.5467154800390039,0.5539024086301884,0.599676298425414,0.5289656653978475,0.5779595575534087,0.3413163775479416,0.0402162016534716,0.2996128313873036,0.3445767510701861,0.4004975742604842,0.294757230710705,0.3671375003110293,1.4888980202376842,0.021916991990976,1.46715634688735,1.5194147042930126,1.5102962888777256,1.4673034995794296,1.480319261550903,0.5348345753292298,0.0066572616222275,0.5320376838260849,0.5433418177726478,0.5421174064749094,0.5269328391680139,0.5297431294044932,0.285843453322349,0.0281880026321693,0.2871788140754469,0.2354683469756306,0.2984590598507928,0.2865788176052107,0.3215322281046642,1.4932291865348817,0.0269912501254565,1.4657110311090946,1.530135963112116,1.521492999047041,1.4771942868828771,1.4716116525232792,0.5069368266056236,0.0117714675744624,0.5265072639282855,0.5123043243277667,0.5010723026613084,0.5030893674416793,0.4917108746690781,0.2759584993265956,0.0345616464253908,0.2972912589078019,0.2170186395294575,0.271934430542194,0.2726828710286896,0.3208652966248351,7.8,4.019950248448357,6,7,14,2,10
-625,1.4531242571379008,0.0123514859174972,1.4680569247195596,1.4624106356972142,1.448796168126558,1.4540649439159192,1.4322926132302536,0.5435899441407626,0.0121049074571748,0.5304105134596464,0.5347325440805283,0.5429925794454367,0.5443244441695825,0.5654896395486191,0.2966848703718372,0.0139412815889292,0.2857641946150926,0.287730234439533,0.2907220924845419,0.2954089892807695,0.323798841039249,1.4655878089368344,0.0024549551582526,1.467264536768198,1.4673485532402992,1.461455062031746,1.4640778824687004,1.467793010175228,0.535037267390554,0.0093914076033973,0.5325097447700408,0.5356252586291073,0.5457342057217178,0.5425221215963917,0.5187950062355129,0.283839203805854,0.0054792275987135,0.2865788176052107,0.2865788176052107,0.2865788176052107,0.2865788176052107,0.272880748608427,1.4630378141999243,0.0066784509580362,1.4639029242098331,1.4593910574913025,1.4561139047145844,1.4754378385841846,1.4603433459997175,0.5155115106367363,0.0103296805244784,0.5193747480023436,0.5065559784189014,0.5329601930033729,0.5039672817554227,0.5146993520036401,0.2878361482765806,0.0082263675954287,0.2920138538372269,0.2943755681901046,0.2944523402310067,0.2726828710286896,0.2856561080958751,4.6,2.1540659228538015,2,3,6,4,8
-600,1.4502915437597976,0.024878361001501,1.4528984722338223,1.481023342985856,1.4608866189655505,1.451412296295166,1.4052369883185938,0.5440352562531635,0.0258792917515718,0.5429919803934842,0.5049611509115727,0.5338130609330025,0.5542169689918569,0.5841931200359016,0.3096533427982266,0.0443559999769389,0.2879271318675651,0.2833518998185187,0.2856867325842696,0.2931743179555478,0.398126631765232,1.4783981457352635,0.0142832426371026,1.4653294943273067,1.4755818396806717,1.4646493047475817,1.5035403110086918,1.4828897789120674,0.5292477267338895,0.0069400468215583,0.5354494107888864,0.5314196499693941,0.5299533536690664,0.5335378592588986,0.5158783599832019,0.2904996335018706,0.0093466913422138,0.2890477044183147,0.2865788176052107,0.2865788176052107,0.2817157705139437,0.3085770573666731,1.4730109445750714,0.01639072712998,1.4662981666624546,1.4705813191831112,1.4566614031791687,1.5044663809239864,1.4670474529266355,0.5046953624421575,0.008823704945476,0.5158405508319698,0.4927988875234137,0.5059957828352595,0.4966199738261662,0.5122216171939785,0.2837372062379187,0.0239758859942565,0.2929944791234955,0.2943755681901046,0.2944523402310067,0.2360897438199401,0.3007738998250466,5.6,3.97994974842648,5,1,4,5,13
-575,1.4587086082759655,0.0053915603406033,1.463665008544922,1.462509422553213,1.4487718494314896,1.4574412747433312,1.4611554861068723,0.5308047364673196,0.0096709430321093,0.5264390504366493,0.526175909026549,0.5498567099313518,0.5283833512920271,0.5231686616500208,0.2903026061024979,0.0031912038996042,0.287458017193085,0.2860284125387279,0.2904288788986573,0.2940167535171079,0.2935809683649114,1.4764443419873714,0.0157400786565104,1.4614821262657642,1.4768887646496296,1.5055968649685385,1.4637544676661491,1.474499486386776,0.5288598742009458,0.0103354278496582,0.5309522205967366,0.5299512970553846,0.5326951272776497,0.5409899557993593,0.5097107702755986,0.2791763350798638,0.0083376506756693,0.2865788176052107,0.2840006458008003,0.2660405233594072,0.2865788176052107,0.2726828710286896,1.4751893177628517,0.0160884489609981,1.4596784338355064,1.4712211266160011,1.5054854564368725,1.475325893610716,1.4642356783151629,0.5103041903144128,0.0142595726939347,0.52354899446145,0.4930503724707705,0.5032551773595574,0.5011238623965123,0.530542544883774,0.2899478625600865,0.0098660053733431,0.2920138538372269,0.2997820861486535,0.2986816841806519,0.2726828710286896,0.2865788176052107,3.4,1.3564659966250536,3,3,6,3,2
-550,1.430955504367226,0.0280707191617312,1.437696293780678,1.396381179909957,1.4614947494707609,1.4592901744340596,1.3999151242406744,0.5669362600076454,0.0280898647810932,0.560313432555038,0.6070447561471969,0.5362350883023669,0.539599738976812,0.591488284056813,0.3426761993468538,0.0509266417418481,0.3327568427324208,0.4109410486854937,0.2852401132945254,0.2926744808970689,0.3917685111247605,1.475774085521698,0.013322864683306,1.4720627889037132,1.4976723082363603,1.4615521840751171,1.4641982279717922,1.4833849184215069,0.5336232478905412,0.0084818516255868,0.5351093844873429,0.527676085815385,0.5428746169660871,0.5418363316176736,0.5206198205662174,0.2943380555111451,0.0130039252575024,0.2933418479659362,0.2854527748394368,0.2865788176052107,0.2865788176052107,0.3197380195399308,1.4832379944622516,0.0209842749900156,1.486774958670139,1.5196765772998333,1.4552497677505016,1.475479427725077,1.4790092408657074,0.510003518252968,0.015142347911356,0.5255644394319962,0.5065559031729029,0.5130433609582284,0.4828262349268359,0.5220276527748764,0.2946912617923803,0.0253434891269518,0.3132787424501786,0.2620621857878918,0.2944523402310067,0.2726828710286896,0.3309801694641349,8.2,4.534313619501853,7,13,4,3,14
-525,1.4413495139071817,0.0237255937583919,1.45418077393582,1.4635523005535729,1.4480651102567974,1.395571896904393,1.4453774878853245,0.5505406471489458,0.0205825642099321,0.5349906811480284,0.537740983922585,0.5401411117368,0.5905753082321439,0.5492551507051716,0.3157832593368659,0.0450165569339403,0.2870163064363973,0.2845736654973958,0.3051985677503275,0.4045867511391263,0.2975410058610824,1.4934318356215954,0.0295764083195797,1.4631611481308937,1.4775872342288494,1.5126091800630093,1.542085014283657,1.4717166014015677,0.5319747544246339,0.0091101420825437,0.5357144702440623,0.5321032088405986,0.5344951153707599,0.5424591690378677,0.5151018086298812,0.2341236461405932,0.0543038667887939,0.2865788176052107,0.2748830008114775,0.1592172035349529,0.1772563377226352,0.2726828710286896,1.4943902879953384,0.0343897336752723,1.4633414559066296,1.4725856445729733,1.5223644487559795,1.5479502119123936,1.4657096788287165,0.5146666452041598,0.0052388990470598,0.5108259997713486,0.5094440181779217,0.5219378755630167,0.5200752834191983,0.5110500490893138,0.2368698908833844,0.07058254276444,0.2920138538372269,0.3033079867518006,0.1387079844391542,0.16374081178353,0.2865788176052107,6.8,3.762977544445356,5,3,6,14,6
-500,1.439263476070605,0.0380714660175903,1.4663064304151032,1.453601844687211,1.4593429879138344,1.4533569837871352,1.3637091335497404,0.5619964999517221,0.0494193607167952,0.5303454116204976,0.541376035260242,0.5273398773185044,0.5515855668615178,0.6593356086978479,0.318689370082825,0.0582901669432943,0.2869188185863394,0.2892283257963501,0.2870297999334809,0.2951539413301819,0.4351159647677729,1.471288662403822,0.0089420312387572,1.469567809253931,1.471453219652176,1.4665354490280151,1.461133398115635,1.4877534359693527,0.5380116938333117,0.0089471950013911,0.540480136303634,0.523119383488735,0.5352872139053432,0.5505972729709637,0.5405744624978828,0.2942063893579452,0.012301053717743,0.2865788176052107,0.2929940769362146,0.2865788176052107,0.2865788176052107,0.318301417037879,1.467408586293459,0.0043355339313296,1.471325196325779,1.4654899574816227,1.4600666463375092,1.4719217978417871,1.4682393334805963,0.516795982213311,0.0110696256841606,0.5304210338153177,0.5102677266922906,0.5200614637466523,0.4989643267307445,0.5242653600815497,0.2983995856772706,0.019349941651608,0.2920138538372269,0.3005404249832886,0.2944523402310067,0.2726828710286896,0.3323084383061409,7.6,7.761443164772902,2,5,4,4,23
-475,1.4372218322753905,0.0198343494698616,1.4153174475619668,1.462144921955309,1.4601995957525151,1.424505400657654,1.423941795449508,0.554582486023609,0.0189807995367006,0.5746788670151449,0.5260074670827292,0.5388363228805824,0.5622454275507565,0.5711443455888323,0.3340390437339372,0.0405629586726228,0.3906194209427939,0.2883826385976954,0.286447538509133,0.3510096699967517,0.3537359506233121,1.473654888570309,0.0147365122846591,1.4979045391082764,1.4774675332009792,1.4632504135370257,1.4543596096336842,1.4752923473715782,0.5267328581776626,0.0064442854886351,0.5384061230479427,0.5185617658050459,0.5253223129042779,0.5252206092480992,0.5261534798829477,0.2947298766452103,0.0132427667403092,0.2999342987288588,0.277108060011575,0.2865788176052107,0.2935845470406373,0.3164436598397692,1.4788911893963814,0.0250632856991516,1.527902014553547,1.4736042767763138,1.4576321318745613,1.469467993825674,1.4658495299518108,0.5154049812020942,0.0127029467957633,0.5316632279051189,0.5203414958439199,0.5053670721308772,0.4965012552756903,0.5231518548548645,0.2886415705706777,0.0254283572703341,0.2427982841928255,0.3051666496987553,0.2944523402310067,0.2838384665093759,0.316952112221425,7.0,2.898275349237888,10,3,4,9,9
-450,1.4188181907252262,0.0532543196389629,1.4333341460478932,1.4857577361558614,1.461269682332089,1.359089170004192,1.3546402190860949,0.5910721330070289,0.0695161099467302,0.5693777370044971,0.5044385771278925,0.5381585034187516,0.6856060810900193,0.6577797663939838,0.361090706284381,0.0741302554634247,0.3402254764607829,0.2845250768519865,0.2841743405949352,0.4425979391619552,0.4539306983522453,1.4724190413951874,0.0117272006702336,1.4891948252916336,1.4808388613164425,1.465338546782732,1.455579973757267,1.4711429998278618,0.5342776599303403,0.0112460943798946,0.5469187352088105,0.5233882950422073,0.5307177947801835,0.5482142119493889,0.5221492626711106,0.3113374635593157,0.0205500232241357,0.3310774488258605,0.2865788176052107,0.2861355551938633,0.3293702575001667,0.3235252386714773,1.477238029241562,0.0187483725012033,1.5131939388811588,1.4775023981928823,1.4627881571650505,1.4694216959178448,1.4632839560508728,0.5153784674136468,0.0088577997315992,0.5271935463341113,0.5215281736095995,0.5173169137915524,0.5028713460497883,0.5079823572831826,0.3022840126945806,0.0170950422308415,0.2805755261903306,0.2943755681901046,0.2963280307297441,0.3086860352097512,0.3314549031529723,12.2,10.264501936285074,7,1,4,23,26
-425,1.4333017851177012,0.0458097140131489,1.3806050363339877,1.4683028810902643,1.4685668794732345,1.3740559113653084,1.4749782173257124,0.5613641875236806,0.0549363728798183,0.6208132557151134,0.5226063900778729,0.5265151280243,0.6345452313175136,0.502340932483603,0.3446472212872552,0.0697104009819179,0.4328773784217637,0.2853406784380213,0.283945610527856,0.4268923318797385,0.2941801071688966,1.4904005147516728,0.0210232678397565,1.528856698423624,1.47738803550601,1.4667480625212193,1.4889376647770405,1.49007211253047,0.5307742652683909,0.0137572672448572,0.5431237320197465,0.5330011078721448,0.5180065672581349,0.547536229762979,0.5122036894289494,0.2839895704809115,0.0217340123095701,0.2524450375907683,0.2895995521044454,0.2865788176052107,0.3186415740754434,0.2726828710286896,1.5024850107729435,0.04726522160226,1.5922425799071789,1.4720223881304264,1.4615441672503948,1.5063659846782684,1.480249933898449,0.5080187502800807,0.0048862738905753,0.5018447952954873,0.5139009004051116,0.502854741777243,0.509148060876688,0.512345253045874,0.2643158354657974,0.0443346225582459,0.1792623338310913,0.2987633286740244,0.2944523402310067,0.2625223569876542,0.2865788176052107,7.8,7.626270385975047,15,2,2,19,1
-400,1.4455085362886124,0.0226408345590941,1.4565460945430555,1.4671452396794369,1.438547474459598,1.4608833162408126,1.4044205565201608,0.5456454156397534,0.0246434581492162,0.536812039477343,0.5270900623807044,0.5463968841698933,0.525357246625198,0.5925708455456281,0.3207166013657349,0.0433345905687954,0.2867062401188757,0.2861382409216756,0.3389184664746938,0.2937739554655449,0.3980461038478843,1.479344340413809,0.0148823656416891,1.465846475213766,1.473494429141283,1.5040176548063755,1.4651045016944408,1.4882586412131786,0.5295219643387308,0.0019900517298801,0.5294985915973476,0.531943584936311,0.5263084084661734,0.5312097417603973,0.5286494949334251,0.295196376228072,0.0086977003857457,0.2948725532897125,0.2865788176052107,0.297833278645491,0.2865788176052107,0.3101184139947348,1.4811524085700511,0.0128373281041702,1.4790003187954426,1.4698383510112762,1.506145279854536,1.4750221148133278,1.4757559783756733,0.5132340054191338,0.0149156629083335,0.5354070732440129,0.4901098398693477,0.5069792353658589,0.513602080949894,0.5200717976665552,0.297593979385215,0.0176056924563847,0.3010105321470946,0.2943755681901046,0.2926033830889442,0.2726828710286896,0.327297542471242,5.4,3.7735924528226414,4,2,7,2,12
-375,1.4233550247393156,0.0392759252809006,1.4427577106576217,1.3585165287318983,1.4671894713451987,1.4487499726446051,1.3995614403172545,0.577213160424422,0.0507897239575248,0.5452300718059488,0.6693575002541071,0.5333230600117863,0.543331062057983,0.5948241079922838,0.3481869371886435,0.0657523479525174,0.3083028010765263,0.4537278115815814,0.286192528839157,0.2961700031821268,0.3965415412638261,1.4788850039243695,0.0084941831820407,1.4779382050037384,1.4867480881512165,1.4657443054020405,1.4892766885459423,1.4747177325189114,0.5338369445669648,0.0086217188817277,0.5303111729499218,0.5371863949683794,0.5213064406689101,0.5476158223858824,0.5327648918617307,0.3144860090746564,0.0213446716595762,0.3431462499883903,0.2930100868288019,0.2865788176052107,0.3258014715351161,0.3238934194157633,1.4811283491551877,0.012813021559661,1.4983918145298958,1.484093401581049,1.4620172791182997,1.4891775138676169,1.4719617366790771,0.5163204381152784,0.0118222614933612,0.5112351534770165,0.5280575031924922,0.4954761803873794,0.5233323216104072,0.5235010319090972,0.3133371093080123,0.0154665946694729,0.3154783064944007,0.2984889617256088,0.2944523402310067,0.3215378170181909,0.336728121070854,9.8,7.520638270785266,6,23,2,5,13
-350,1.39443845372451,0.0126223333125136,1.419027610829002,1.3882670189204969,1.392206439219023,1.38335120677948,1.3893399928745471,0.6075643818513641,0.0155161615233537,0.5779699355388505,0.613384732332321,0.6109761379357386,0.6238731976946359,0.6116179057552744,0.4065909665361206,0.0158229467194656,0.3752905296777345,0.4179443004865726,0.4134242359110888,0.4154427460221247,0.4108530205830824,1.4838001154363156,0.0177024850845901,1.4775414802134037,1.515753734856844,1.485571976751089,1.4621189795434475,1.4780144058167934,0.5364750166271433,0.0074190659461861,0.5318529135370851,0.5337730875057461,0.5265792321463919,0.5446601628804044,0.5455096870660893,0.3124314758587813,0.0177057118254639,0.3269662343154466,0.2780295553912938,0.3166927579636061,0.3242828446421926,0.3161859869813673,1.494551717489958,0.0193109608103067,1.4933067485690117,1.5303694233298302,1.4938641265034676,1.475945759564638,1.4792725294828415,0.5183639484493958,0.0099745557987281,0.5226349168585369,0.535989605032631,0.5126735942783621,0.5118183974198308,0.5087032286576182,0.3102689008509514,0.021098806165982,0.3183186994763666,0.2738040917698876,0.3171162181227453,0.3044417856937322,0.3376637091920249,14.2,2.7856776554368237,9,16,15,17,14
-325,1.422795864155418,0.0329998666149624,1.3980823303523815,1.466980629218252,1.4565160199215537,1.409049159602115,1.3833511816827877,0.5782728610048509,0.0373737986168532,0.6099861299726663,0.5377783417205736,0.5287304585159637,0.5978640888910917,0.6170052859239583,0.357785741341421,0.0599251455242546,0.412451057890302,0.2858493218981677,0.2867593804126043,0.3813310142082797,0.4225379322977514,1.4793091759085657,0.0059542611645824,1.4816366732120514,1.4786716997623444,1.486237894743681,1.481568444520235,1.4684311673045158,0.5312234715990203,0.0058387010403487,0.5369035401898969,0.5232391662469829,0.5270103468730902,0.5386923434135422,0.5302719612715889,0.3164246593666124,0.0206423610608179,0.3353947472929443,0.2785793699190023,0.3243850829876137,0.332261611144436,0.3115024854890655,1.4860609844326973,0.0202619540094589,1.5183749049901962,1.4720488414168358,1.4863424003124237,1.494650349020958,1.4588884264230728,0.5103488575356958,0.0035389778431563,0.5090945728214433,0.5157616804178986,0.5049614302551774,0.5119558952223414,0.5099707089616182,0.3120694108438361,0.0228076129172277,0.2791608239508579,0.3045465555136514,0.3458087828065834,0.3031551346265883,0.3276757573214995,9.0,5.440588203494177,12,2,4,10,17
-300,1.416860863033094,0.0455382196324202,1.4550644109123632,1.436619902911939,1.4677257876647145,1.3602377828798795,1.364656430796573,0.5912441326657663,0.0633863757864006,0.5301355594334617,0.5558648925967291,0.5376954446815019,0.6884014549069284,0.6441233117102103,0.3581845531409994,0.0694998565612272,0.2883323354741905,0.3368289681912032,0.2851727380447641,0.4395906489472411,0.4409980750475984,1.4857684724032878,0.0164675238989178,1.50355638936162,1.482809890061617,1.468380443751812,1.5060887821018696,1.468006856739521,0.5315485837838829,0.016362768536106,0.5410013539930244,0.5208643075002819,0.5068515147886553,0.5542365955788167,0.5347891470586358,0.2916738560050029,0.0212082238897485,0.2755448026178542,0.2843985992519784,0.2865788176052107,0.2785027149251092,0.3333443456248618,1.4879025362432003,0.0236049905271158,1.5140787810087204,1.4875468499958515,1.4630969427525995,1.514642283320427,1.460147824138403,0.5256518362605451,0.0084650752492329,0.5323126649772869,0.5367685665975397,0.5179655693781208,0.5269443040451747,0.5142680763046036,0.2942849237153443,0.021428882398013,0.2709911696684696,0.2857797613631428,0.2944523402310067,0.2858030984778398,0.3343982488362625,10.2,7.704544113703289,4,6,2,19,20
-275,1.4459489792271665,0.0194310628588211,1.4111035974402175,1.4663539585314298,1.461899985765156,1.44427399384348,1.4461133605555485,0.5524703613691125,0.0203852485745514,0.5895966824821394,0.531098110318874,0.5373942371256839,0.5548823551457969,0.5493804217730681,0.315165100345001,0.0407559488762353,0.3953490322483888,0.2876745761245103,0.2881573515042622,0.2968109210854192,0.3078336207624247,1.4847010545432568,0.0135115833804433,1.5026228427886963,1.477920334786177,1.467104759067297,1.4983012564480305,1.4775560796260834,0.5388542589468299,0.0109098291899729,0.5433410542319637,0.5361221258435321,0.519084654693918,0.5451766172921594,0.5505468426725761,0.3061870376381484,0.0208274866808386,0.2867518225585807,0.277532109334521,0.3196487991713741,0.3137722237944942,0.3332302333317719,1.4909466058015823,0.0199660948184174,1.5241036415100098,1.475851722061634,1.4715325385332108,1.5036259032785892,1.4796192236244678,0.5219439471441887,0.017534914365236,0.5215510897419913,0.5143518066809228,0.4945953653562417,0.5469386058239241,0.5322828681178636,0.2991446439560341,0.0234835673790495,0.2635055885242398,0.3016220296744544,0.328685001829699,0.2836070970995336,0.3183035026522436,4.8,2.4,9,2,3,5,5
-250,1.424218847877101,0.0311064337862964,1.3652685667339124,1.452066815526862,1.4464131593704224,1.4234220178503738,1.433923679903934,0.5721178771076743,0.0389861200275025,0.6485713193411609,0.5453327797719925,0.5437790618056431,0.5596566385064677,0.563249586113107,0.3468570146060024,0.0558117983815887,0.4496139953855368,0.303959134294628,0.3204521049442809,0.3611036844186918,0.299156153986874,1.5051376216113568,0.0421054625378507,1.4689812399446964,1.5282587073743343,1.577545639127493,1.4725357592105863,1.4783667623996737,0.5469980406199576,0.0145468695933171,0.5731162098841692,0.5370738677445774,0.5479885369202685,0.5303816237750199,0.5464299647757528,0.2639946939675427,0.0832525859807322,0.3537106626348632,0.2115170036555357,0.1285888831250832,0.3317725304044434,0.2943843900177882,1.5160979084670545,0.0470647833016916,1.486672032624483,1.5441367402672768,1.595814120024443,1.4776429906487465,1.4762236587703228,0.5276111185897842,0.0120272733686226,0.5245484919567868,0.5241982462080493,0.5087132207352185,0.5437047192805673,0.5368909147682988,0.2553571903370131,0.0941009752835805,0.3399092303003881,0.176392161434423,0.1109580202590573,0.3389920510714017,0.3105344886197954,8.2,4.621688003316537,17,4,5,8,7
-225,1.4419653079384251,0.0232873471229735,1.4612675691905774,1.3992239676023783,1.4361468578639784,1.461606424733212,1.4515817203019794,0.5541674276250772,0.0219359652579541,0.530331160007603,0.591355539015802,0.5658947025773395,0.54044475786597,0.5428109786586717,0.3258180315081725,0.0450880131805541,0.2867102537992159,0.4048205470635196,0.347738637904392,0.2937382790250893,0.2960824397486457,1.4666100606322288,0.0084652777644636,1.4666044004261494,1.4518270529806614,1.4781238846480846,1.467289138585329,1.4692058265209198,0.5335162701407375,0.0101255460973952,0.5284560404560357,0.5357056033370079,0.5205372068247613,0.5317415691954762,0.5511409308904065,0.3022648487731783,0.0239965274969452,0.2936761678198763,0.3031960416370891,0.3477450583768938,0.2865788176052107,0.2801281584268215,1.4696594215929508,0.0138781331833929,1.4710959754884243,1.4472544193267822,1.4892049469053743,1.4765322618186474,1.4642095044255257,0.5244046456381468,0.0174897040397647,0.5567507286401406,0.5179928574819218,0.5162934569885819,0.5259201171758466,0.5050660679042434,0.3053962122528409,0.0241965581519005,0.304542340097402,0.3135787625945892,0.3451748009090843,0.2726828710286896,0.2910022866344396,5.2,3.1874754901018454,3,11,6,2,4
-200,1.436644690664191,0.0229627775818995,1.4422916186483283,1.458087588611402,1.4589076142562063,1.3972837084218075,1.4266529233832108,0.5633734845365714,0.0241484911322457,0.5470951527779397,0.5433954651229698,0.5545301661165654,0.6099696121441022,0.5618770265212797,0.3350920778233793,0.0447504697429313,0.3410124131463688,0.2866786015661464,0.2858047073919878,0.4032649684503506,0.3586996985620429,1.4721951946616172,0.0158647233006676,1.4584250524640083,1.4745449163019655,1.5013946630060673,1.4581747353076937,1.4684366062283516,0.5494963420734968,0.0113944437441573,0.5336133671075793,0.544431236944875,0.5487361149989864,0.5521334611508478,0.5685675301651951,0.3140508170898765,0.021200560312412,0.3116509711109277,0.2831168735069088,0.3005404277947022,0.3390431765874684,0.3359026364493753,1.4746770821511743,0.0171493649406526,1.4579020291566849,1.4746816083788872,1.5072692558169365,1.4676852598786354,1.4658472575247288,0.540957862875094,0.016430883064978,0.5546837927123955,0.5132572817614878,0.543978973154061,0.5591827530397577,0.5336865137077677,0.3174422702569483,0.0189066013310418,0.3139885607086836,0.3014554538159731,0.2943704809545859,0.3322240351684986,0.3451728206370004,6.0,3.3466401061363023,5,3,3,12,7
-175,1.4134647299114025,0.0255053218254447,1.4074127322749088,1.4471552698235763,1.4386413398541902,1.3921731195951763,1.3819411880091617,0.5781223428147222,0.0272301060772706,0.5782818050035925,0.5367819224202449,0.5646624232772786,0.5927078807424772,0.618177682630018,0.3845600897627946,0.0340203869401309,0.398982663953697,0.3397967407899261,0.3481905431512062,0.4142214604496957,0.4216090404694478,1.466428642719984,0.0195197151428275,1.471950497478247,1.460343360900879,1.50110574811697,1.4442142024636269,1.4545294046401978,0.5471653121926007,0.0088873251683344,0.5573658564731412,0.5316587694565824,0.5440608896957938,0.5497252654457943,0.5530157798916918,0.309466270248912,0.0299470980308245,0.3437049530150348,0.2873637898452704,0.2855311957557603,0.3483872287050749,0.2823441839234199,1.4756507351994514,0.0273060737991555,1.4944539666175842,1.4560025371611118,1.520498614758253,1.4557746797800064,1.4515238776803017,0.5332563483804631,0.009074782557109,0.5302590857824977,0.5407596246939241,0.5189213564793717,0.544978159078927,0.5313635158675957,0.3039335040291979,0.0318505386829284,0.3388752431554389,0.2968721890995814,0.2521839539155684,0.3363450448809119,0.2953910890944888,8.8,3.867815921162743,9,4,5,12,14
-150,1.3888046194377697,0.0538473874711108,1.457152691640352,1.369693428591678,1.3036910521356684,1.3786972723509137,1.4347886524702371,0.6203718100115372,0.0752620967771971,0.5426533346851128,0.6199374949324501,0.7573322770985043,0.6209198084828771,0.5610161348587414,0.4034580509333406,0.0760754764329885,0.2937616779774041,0.4482828638746453,0.5067104661156168,0.4260840448543958,0.3424512018446414,1.462170071899891,0.0158180706667363,1.484873954206705,1.459930568933487,1.4408833011984823,1.450810320675373,1.4743522144854069,0.5533955578757792,0.0143754722299351,0.5619179847585052,0.5288086978755843,0.5670095718023419,0.5454615668448304,0.5637799680976341,0.3357258439898724,0.0203965427756239,0.3372999937100482,0.3004011053597477,0.3545526181339733,0.329697530264425,0.3566779724811674,1.4631611496210095,0.0178340805378401,1.4910945557057858,1.4586184099316597,1.4385902136564257,1.4541353322565556,1.4733672365546229,0.5421505300909121,0.0057603404410392,0.5523643707678033,0.5402742960502886,0.5400614812429421,0.5431601629114223,0.5348923394821038,0.3348589550722279,0.0205976758850989,0.3488056406203931,0.3114006399792465,0.3572279746947376,0.3085118088400814,0.3483487112266812,13.4,10.61319932913728,3,13,33,13,5
-125,1.376281307371039,0.0641929004896974,1.2973874242682206,1.4647995007665533,1.3245212140836211,1.435930979879279,1.3587674178575215,0.652886691320822,0.0841691774265625,0.7473956918462625,0.5442883860288774,0.737684299077443,0.567501335994535,0.6675637436569922,0.4129738833947806,0.0876704428796534,0.5110468317466969,0.2841183623554891,0.4825770553745799,0.3360728746797681,0.4510542928173695,1.4566065467894078,0.0220900194334787,1.4303923100233078,1.4746831618249416,1.4440696835517883,1.4899112060666084,1.4439763724803925,0.5678941666116103,0.0180845501050046,0.5815755544862286,0.5395184019506621,0.5709894021057893,0.556870541275489,0.5905169332398823,0.3401362697298469,0.0327215969597656,0.3352638637394072,0.2816168284757178,0.3670686418673169,0.3423153085188276,0.3744167060479648,1.4571967288851737,0.0204810414284151,1.433468732982874,1.4679631553590298,1.4421766586601734,1.4912043288350103,1.4511707685887814,0.5520891790608354,0.0223650492502575,0.5670224034557995,0.5111355883856367,0.5456262256439963,0.5643668406960293,0.5722948371227152,0.3481758917423376,0.0191148007089871,0.3504210315831381,0.3153559377761875,0.3742830098739045,0.3452557981119644,0.3555636813664937,14.8,10.495713410721542,31,2,20,5,16
-100,1.4243661458868728,0.0498220094334203,1.44842756296459,1.4525248314204968,1.3250485809225785,1.453669682301973,1.4421600718247265,0.5882813220842331,0.0588709075945781,0.5625715291886777,0.5591526236826524,0.7059483234999291,0.5565428605137342,0.5571912735361726,0.3536052725433312,0.0702919916694928,0.3317286747340522,0.3257760354128811,0.4917325382009387,0.2941720036830426,0.3246171106857413,1.4722721517086028,0.0256924592401852,1.5172362625598907,1.4715255498886108,1.4396968223154545,1.4578121565282345,1.475089967250824,0.5617018318270988,0.0170321951912508,0.5756091037519694,0.5416112250757176,0.5479862426743858,0.5563651448647682,0.5869374427686528,0.3151524879046012,0.043856932500473,0.260141570728435,0.2930655167815222,0.364940594475432,0.2884877204439585,0.3691270370936582,1.477395410090685,0.0360728180729292,1.5408061556518078,1.4633562602102757,1.43200209364295,1.464924044907093,1.485888496041298,0.539772312864786,0.0062019352893243,0.5439005684990593,0.5314832528146626,0.5390086297348611,0.5490851221198506,0.5353839911554964,0.3065594952644319,0.0533911212171117,0.2230853559242624,0.3141453091155741,0.3803333270601175,0.2777606806316667,0.3374728035905384,7.4,8.309031231136396,3,3,24,3,4
-75,1.3886131452259265,0.051299754609342,1.308462915922466,1.3545586761675383,1.4511594308050055,1.4016317242070249,1.4272529790275976,0.6186137319511547,0.0620133062549282,0.7302081466368089,0.6401449998316914,0.5632270839713499,0.5902794496840518,0.5692089796318712,0.4124160010512018,0.0658201335652754,0.509456632837888,0.4627001399041777,0.3272454656074089,0.3976250200552182,0.3650527468513161,1.451865716278553,0.011851253092227,1.4337275736033916,1.4549426026642325,1.4671495407819748,1.4436865486204624,1.459822315722704,0.5616733913641858,0.0055336296882233,0.5654601033576028,0.5581001904603909,0.555871683917856,0.558273760590664,0.5706612184944153,0.3209773999594195,0.0212274862636798,0.3404662971233731,0.3330629452693582,0.337505211110515,0.3091137955350128,0.2847387507588385,1.449094408750534,0.0081395703735117,1.437138445675373,1.449607316404581,1.4604924470186234,1.4437253214418888,1.454508513212204,0.5464490430375071,0.0140895238321715,0.560012644778474,0.5597236457035399,0.5237703800191548,0.5517657036575441,0.5369728410288221,0.3312034086287808,0.0280698830047735,0.3536204833357227,0.3298607454001697,0.3699504542809257,0.3097964075747648,0.2927889525523212,10.8,7.332121111929343,23,15,3,8,5
-50,1.355347722706042,0.0423133622302064,1.432327914237976,1.3668451861331337,1.3123930466802496,1.3351048206028184,1.3300676458760312,0.6540407525125236,0.0504043442887102,0.578466593302782,0.6216039262083938,0.7215549275588058,0.6575376098517715,0.6910407056408651,0.4550195881116657,0.0457917284393204,0.3684217412458234,0.4504067457017641,0.4966059418607141,0.4785600613303489,0.4811034504196781,1.4445446595549585,0.0114155579840428,1.4595267474651337,1.456879422068596,1.4312867857515812,1.4370868802070618,1.4379434622824192,0.5660545418165296,0.0082467915875641,0.5593028203496435,0.5565859873053454,0.5635447966929141,0.5720208081635813,0.5788182965711638,0.3495129696164475,0.0244734760415998,0.3110917241342036,0.3429264863438561,0.3488510808929267,0.3576527757272691,0.3870427809839822,1.4427258029580117,0.0147320765385188,1.463915903121233,1.4510023966431618,1.4203777126967907,1.4345365092158318,1.443796493113041,0.5577006567926638,0.0178966416933019,0.5675611914633321,0.5785553335545242,0.5250551937528062,0.5595909960685967,0.55774056912406,0.3559510912036071,0.0187643972076111,0.3232358328911964,0.3486945892639854,0.3665963700444032,0.3637504828288092,0.377478180989641,18.4,8.867919710958146,4,13,29,24,22
-25,1.37886347519724,0.0321448082824294,1.424814704844826,1.3988404048116585,1.369118090679771,1.3286065101623534,1.3729376654875909,0.6188167619860798,0.0293142770966551,0.5822101194345595,0.5940893809480499,0.6411074805405051,0.6616416180269479,0.6150352109803369,0.4366301962248616,0.0333683111344275,0.389870127732238,0.4127466887866672,0.448816197827296,0.4876896083640842,0.4440283584140228,1.4525742657482623,0.0161182220602664,1.4682008773088455,1.4756001122295856,1.4377069920301435,1.437464416027069,1.443898931145668,0.5654873311588039,0.005917184901886,0.5690024970711763,0.5588541415526446,0.5577679365856167,0.5704611132479644,0.5713509673366179,0.3565466282903703,0.0227974425340698,0.3794693819454391,0.3410649800346587,0.3220694737719292,0.3818827470903835,0.3582465586094407,1.4582984015345573,0.0213130218143109,1.489692710340023,1.4779038429260254,1.4403901100158691,1.4376894645392897,1.4458158798515797,0.5523203680025722,0.0102579723029383,0.5390563506906184,0.5674927251570874,0.5427860897445331,0.5562212909004787,0.5560453835201438,0.3571313912591686,0.0157962633446639,0.3498636983348596,0.3384045518927978,0.3454891634663443,0.3763315319604601,0.375568010641381,12.2,7.547184905645283,4,7,12,26,12
0,1.4048569890072469,0.04169525880946,1.4384496575907657,1.4091583829177052,1.4608600227456343,1.358553241428576,1.357263640353554,0.5932875764664394,0.033029369514443,0.5789012621826545,0.5723508074079053,0.5516918419503132,0.6239712373602784,0.639522733431045,0.3954445368230206,0.0632837555850766,0.3639258555116929,0.4060642124223532,0.2905427649759161,0.4577686143067033,0.4589212368984374,1.4592096202075482,0.0205766740943303,1.491718653589487,1.4640294015407562,1.465074501931667,1.431709997355938,1.443515546619892,0.5665074093280132,0.0022083360755641,0.5646880645896496,0.5694586199514962,0.563316412881503,0.5673614553277847,0.5677124938896326,0.3636202723936153,0.0168994778292517,0.3649547753993745,0.3380394229819562,0.352798309190408,0.3856149732757709,0.3766938811205669,1.4638954997062683,0.0257043756801701,1.5071336291730404,1.4717917740345,1.4645303450524807,1.4340575821697712,1.4419641681015491,0.5574347785802493,0.011980528786423,0.5477144126994965,0.5789828899407501,0.5580524777886948,0.5575772991575088,0.5448468133147961,0.3506826660686418,0.0287346604597438,0.2977054841390739,0.346511476668748,0.3657633229287731,0.3619147270188015,0.381518319587813,7.8,5.230678732248808,3,6,2,14,14
25,1.3723572535263866,0.0386408658564929,1.427543646410892,1.3783185444380108,1.3756179094314576,1.306243950442264,1.3740622169093082,0.6277153390827614,0.0571098148511028,0.5695683857352597,0.6098024158210842,0.6140732172484668,0.7373597870772821,0.6077728895317144,0.4387163193588222,0.0349409967487734,0.3850906270517505,0.433254500708691,0.4402281621880693,0.4952445164492525,0.4397637903963476,1.4489052280783654,0.0258853611540134,1.4801298566162586,1.4807504303753376,1.4263984113931656,1.424628134816885,1.4326193071901798,0.5726654964651687,0.0048042863817297,0.5707571571640004,0.5649894719295182,0.572260805388442,0.5788407742612564,0.5764792735826264,0.3451294625543527,0.0157096527123749,0.3390476002652083,0.3180789461972798,0.3506526413162549,0.3641112719218093,0.3537568530712107,1.4586111396551131,0.0391262988506336,1.518214222043753,1.4924955777823925,1.4224613532423973,1.4287096336483955,1.431174911558628,0.5548522368442492,0.0176815232012736,0.544017716405598,0.5765148055346025,0.5331807590537274,0.5752419953482177,0.5453059078791006,0.3308471161307602,0.0309411817012143,0.2823207529613068,0.3059597164980852,0.3584633719202033,0.3545299724018069,0.3529617668723989,16.4,14.5547243189282,4,11,11,45,11
50,1.414918727372822,0.0269797294965537,1.4200604300749928,1.4428698803249158,1.4442455454876548,1.387147993790476,1.3802697871860703,0.5795673469977436,0.0182568388014213,0.569260115931049,0.5669066138691471,0.5588201354501329,0.5987723363911055,0.6040775333472839,0.3903054544038091,0.0375115745152984,0.3970711247755894,0.3541930822885173,0.3402266896330199,0.4265810121318474,0.4334553631900714,1.4466585122048854,0.0135270178607654,1.4449107684195042,1.459572471678257,1.4644550159573555,1.4342915080487728,1.430062796920538,0.5656762902286202,0.0064143066998327,0.5692049853550897,0.5574286008294932,0.5639435395223404,0.5760234565201594,0.561780868916018,0.3540162324513897,0.0332237436941869,0.3503248653895642,0.2970009611176993,0.3892640216588078,0.3852960643757903,0.3481952497150863,1.4495394349098203,0.0117101101637598,1.457363061606884,1.4539125449955463,1.4642311297357082,1.4398342296481133,1.432356208562851,0.5525166880871095,0.0080278425404674,0.5467514965365801,0.5612557640081812,0.5627853370913997,0.5490175120645417,0.5427733307348451,0.3525906159994139,0.0302670009181252,0.3430229250239214,0.3066083599870528,0.3834546500924454,0.3885689526646143,0.3412981922290354,5.8,3.059411708155671,4,3,3,9,10
75,1.3979544596923026,0.0420203863989287,1.437364861839696,1.3576541473990993,1.4596289860574825,1.3678242683410644,1.3673000348241706,0.5990190894023657,0.0303986999521512,0.5720847089530726,0.6355834903796685,0.5549226524875166,0.6193768653280958,0.6131277298634749,0.4077970231594149,0.0561351223022932,0.382736132449927,0.4564289000469669,0.3083871001663169,0.4442086572595347,0.4472243258743292,1.459992865473032,0.0198498422926033,1.4863206334412098,1.4555586203932762,1.4796270057559011,1.437050223350525,1.4414078444242475,0.5772983364902998,0.009331667648376,0.5917752544436501,0.5644467709161021,0.582839014491407,0.5751783841739809,0.5722522584263592,0.3783887032587409,0.0155189421618097,0.3775883334659371,0.3789769136439581,0.3598626316000821,0.4062568088048038,0.3692588287789237,1.4698790423572063,0.0268147942534476,1.5181592293083668,1.4670377150177956,1.4741520173847675,1.4460778273642063,1.4439684227108955,0.5598030098180554,0.0158570686672092,0.5388454908665886,0.5626858198526723,0.5836998850299193,0.5674203521039017,0.5463635012371948,0.3606279576518533,0.0322879247832109,0.2964613428444348,0.3734761990810294,0.3739403088131536,0.3757149047576362,0.3835470327630124,9.2,5.635601121442148,3,16,2,12,13
100,1.4089331737317536,0.0348059978019461,1.3786036616877506,1.456191449416311,1.445932496221442,1.3756053899463854,1.3883328713868794,0.583890142047373,0.0236269980770396,0.6048573994722156,0.5482638297375393,0.5631236673835099,0.6050369012940948,0.5981689123495054,0.3931947215548038,0.0522045340625155,0.4437680691127882,0.3163360595580359,0.3449020880536496,0.4354099449259304,0.4255574461236146,1.452813758701086,0.0109004995448885,1.4423088319599628,1.473746046423912,1.4508329927921295,1.450321700423956,1.44685922190547,0.5692479603213395,0.0072699465773607,0.5621233750201684,0.5717364805849285,0.5605985324332672,0.5805940780985893,0.571187335469744,0.3511413019188719,0.0475105285510903,0.3847300212086385,0.288983015154011,0.2973470697249232,0.3902399622505039,0.3944064412562831,1.457074808329344,0.0100391596508668,1.462802216410637,1.4712495431303978,1.4447210505604744,1.459974929690361,1.4466263018548489,0.5647524725078605,0.0141468786857668,0.5582966142794544,0.5898005037885252,0.5503139582632166,0.5702417442105927,0.5551095419975135,0.3526654110539625,0.0354341926356715,0.3638614018333304,0.3037355054215761,0.3208598725550056,0.3746100822031877,0.4002601932567124,6.4,3.2619012860600183,9,2,3,10,8
125,1.406831729788529,0.0557536060825856,1.4352823797025178,1.4580070809314123,1.4417008048609683,1.3029818672882882,1.396186516159459,0.6016337182324116,0.0735827182835743,0.5710103224254398,0.5427265043698971,0.5662452161889456,0.7465841572874203,0.5816023908903551,0.3934464618086075,0.0618307359477391,0.3745754024835164,0.3134829772122208,0.3626820598517478,0.497108075554712,0.4193837939408406,1.4564705140888692,0.0228483409380266,1.4861554242670536,1.4702012576162815,1.4550041779875755,1.417350836098194,1.4536408744752407,0.5801871190278943,0.014446631820129,0.5987302195871109,0.5724561449795134,0.5567032743707818,0.5885396754478277,0.5845062807542378,0.3686035663551602,0.0177900232823071,0.3447582627454753,0.3619469078306733,0.3625240179821504,0.3983714874405709,0.375417155776931,1.4655823528766632,0.0311019750203867,1.519547775387764,1.4737074710428717,1.4551597610116005,1.425344195216894,1.454152561724186,0.5597856349710318,0.0142014112827657,0.5436156175238116,0.5699629510323972,0.5707337860949891,0.5732956074278711,0.5413202127760903,0.3590095993452569,0.0412842937015332,0.2827285357001329,0.3488294412629499,0.3805050683191645,0.3878047568515072,0.3951801945925301,12.2,16.987053894068858,3,2,3,46,7
150,1.4383514296381097,0.0216586224914211,1.462059423798009,1.4365748894842048,1.3998071984240883,1.43780895910765,1.4555066773765966,0.5649320753808063,0.0146491960483266,0.5496643214941995,0.5640334997187124,0.5872846899105261,0.574494140120951,0.5491837256596426,0.3532098684960087,0.0467084456952153,0.2916471346660234,0.3807689861089523,0.4202232744818697,0.3624275283444796,0.3109824188787185,1.4853040143847465,0.0261687721236175,1.4625036977231505,1.48893029615283,1.461594045162201,1.5332916118204594,1.480200421065092,0.5717690178129918,0.0075243972291159,0.5574573341753244,0.5750946269066193,0.5733030759326182,0.5733189307525994,0.579671121297798,0.2953139647400707,0.075850262559122,0.2887434580874631,0.3498654586735715,0.3933703190664379,0.1700039303677108,0.2745866575051705,1.485945539176464,0.0250410138357218,1.4639511480927467,1.499622568488121,1.465535145252943,1.5289033092558384,1.4717155247926712,0.570342460692273,0.0088012799639103,0.5591292008668743,0.5747125072883221,0.5727911825976445,0.5831892632906794,0.5618901494178442,0.2929774250707272,0.0658430422850708,0.300390642052513,0.3290434986862847,0.3734127949860834,0.1754613720235442,0.2865788176052107,3.4,1.8547236990991407,2,3,7,3,2
175,1.4285892137728238,0.0339812837660696,1.4571389599850304,1.455728375284295,1.4428314986981845,1.3655702076460186,1.421677027250591,0.5786691675172138,0.0271742772424304,0.5693904151232009,0.555079226728413,0.5651050402654905,0.6317823769860739,0.5719887784828909,0.3661895814119207,0.048272879900861,0.3174442737972493,0.3196434608109496,0.3604320422353553,0.4480996680915605,0.3853284621244888,1.4687227234244349,0.0273570585546496,1.4797948896884918,1.4791630133986473,1.454721700400114,1.4244317673146725,1.5055022463202477,0.5729149945746201,0.0128287062744922,0.5938637786070065,0.5663627305154572,0.5613716993491434,0.5613944063672028,0.5815823580342906,0.3364080553117348,0.0424376595043852,0.3511810416536221,0.3598238646380216,0.2885908133942179,0.3955609909533654,0.2868835659194467,1.476075341552496,0.0302612536310396,1.50522655621171,1.4920431971549988,1.4484065361320972,1.4316001534461975,1.5031002648174765,0.5570435880697842,0.0108994445498761,0.5487123159565644,0.5775457675914356,0.5476540848512989,0.5531821449935747,0.558123626956047,0.3248171172098031,0.0307338477465431,0.3275697173083417,0.3254467300732493,0.2971553456344197,0.3797058829194498,0.2942079101135549,4.6,3.7735924528226414,2,2,3,12,4
200,1.4217300944579274,0.0231511503384637,1.437016554882652,1.4540705128719933,1.424600423009772,1.4041325531507791,1.388830428374441,0.5742244235748476,0.0183628947458902,0.5698196948432558,0.547013245745072,0.5716596591388802,0.5783649997777863,0.6042645183692437,0.3851076570264194,0.0356098668671244,0.3754735776463185,0.3245017936970776,0.3846317138512219,0.4143897397027386,0.4265414602347405,1.476036461442709,0.0226800823331285,1.4721795581281183,1.4941611178219318,1.5071864761412144,1.4426776580512524,1.4639774970710278,0.5661214863601174,0.0067356924788773,0.5683053239177643,0.5645607232608577,0.571052028937226,0.5538601890125308,0.5728291666722082,0.3431931821819282,0.0561641385030897,0.3786730125337659,0.3247478520450337,0.2416587026663435,0.3975598942007754,0.3733264494637228,1.4850692979991436,0.0294216854658522,1.479588020592928,1.5070182420313358,1.5294160172343254,1.4541371949017048,1.455187015235424,0.5593371926439151,0.0072924097713546,0.5598320295574958,0.5654925058946634,0.5623819183457062,0.5452296847070166,0.5637498247146939,0.3300122916920525,0.0650101300515192,0.3618520810320377,0.3210841355560367,0.2073283692692135,0.3777188468523601,0.3820780257506143,4.6,2.1540659228538015,3,2,4,6,8
225,1.4010551472714077,0.0380725413610763,1.4564133129621808,1.365785056666324,1.375049114227295,1.370508444936652,1.4375198075645848,0.6043221351300676,0.0398993296395019,0.5542632220904437,0.6274810552905897,0.6484763744090234,0.6332389915738961,0.5581510322863857,0.4051432448585654,0.0530258748569972,0.3174220750874824,0.4510514878691394,0.4424095502926185,0.4452122776076149,0.3696208334359717,1.4702071748673915,0.012639258509736,1.4766642898321152,1.4618264101445675,1.4632066749036312,1.4573776982724669,1.4919608011841774,0.57866324564236,0.0098573298393443,0.5869935464758782,0.5665017281637604,0.5667424157042378,0.5854509982287588,0.5876275396391646,0.3750951765001948,0.00937350693987,0.3879009809308316,0.3652508323242449,0.3825726150487043,0.3757073662776895,0.3640440879195039,1.4755893044173718,0.0154523521284456,1.5007515661418438,1.4679520688951015,1.4665926285088062,1.457448843866587,1.4852014146745205,0.5757120201410958,0.0126607628273976,0.5531571739617591,0.5804972108259561,0.5819316308620359,0.5905553972887528,0.5724186877669749,0.3697898092465461,0.0157219184374441,0.340933177203675,0.3713587455355941,0.3733051160173371,0.3744025519385922,0.3889494555375322,7.6,4.223742416388575,2,12,10,11,3
250,1.4426642889725536,0.0283431175500724,1.3860429939470793,1.4564880345997058,1.459213033475374,1.4565741037067614,1.455003279133847,0.5614420451581128,0.0184005809516059,0.5969827598437926,0.54756469507296,0.5480311432973065,0.5539040846318842,0.5607275429446209,0.3311539770892543,0.054517566460143,0.439306105876687,0.3159325945736073,0.3056523881156986,0.295368752455359,0.2995100444249197,1.470566737651825,0.0034587000062215,1.4643116369843483,1.4738770499825478,1.4710824936628342,1.47358575835824,1.4699767492711544,0.5760693471534619,0.0098129856734233,0.5728112895960579,0.5644085969778161,0.5890481787874464,0.5679686797357177,0.5861099906702717,0.3150542278101624,0.0327113938226395,0.3783977880730469,0.2994331941040229,0.2865788176052107,0.2984421655739151,0.3124191736946164,1.471088469773531,0.0054253444100958,1.4787390492856505,1.4684842377901075,1.4639445170760157,1.4759202860295773,1.468354258686304,0.5817392456428929,0.013737172945681,0.5605318549993883,0.5870923360461923,0.5805395716093139,0.5776511154423724,0.6028813501171975,0.3177590822978227,0.0242160952189374,0.3542179352494241,0.3181627300849687,0.2944523402310067,0.2889857269971757,0.3329766789265385,3.2,2.4000000000000004,8,2,2,2,2
275,1.3800788967232955,0.0149009769920068,1.3570216128700658,1.3911448152441728,1.3842256834632471,1.3697159114636872,1.3982864605753045,0.6182534407913527,0.0344127791819715,0.6677726351686095,0.5971379592722043,0.5875815629607356,0.6516353628002023,0.5871396837550124,0.4336392489677588,0.0130942053359897,0.4540208756355025,0.4262247100279799,0.4365315453182789,0.4369518779464122,0.4144672359106204,1.4655704967677594,0.0154361774037982,1.4896873570978642,1.466491959989071,1.441773671656847,1.4695239290595057,1.460375566035509,0.5757556991645647,0.0168712835394707,0.5856173061577964,0.5575646612450468,0.5566514573760283,0.6007366518797052,0.5782084191642464,0.3529544466744239,0.0321322073835245,0.2935671921187793,0.3532682479820054,0.3866031268491852,0.3561798405012183,0.3751538259209312,1.472938916832209,0.020797316118234,1.512637246400118,1.4742496125400066,1.4557431936264038,1.462725918740034,1.4593386128544807,0.5682997580321159,0.0075695599757464,0.5555500339106008,0.5766454795857041,0.5678059843815761,0.5753337709676919,0.5661635213150064,0.353713571052503,0.0477557448078226,0.2604500504088483,0.3596444821970109,0.3838028853900354,0.3743969706177441,0.3902734666488762,9.2,2.039607805437114,12,7,9,11,7
300,1.4216845683047643,0.0264075679747856,1.3790809267445614,1.4227334524455824,1.4108024935973318,1.4384849811855116,1.457320987550836,0.5804267782498446,0.026368657473144,0.6301598553493452,0.5740613065961465,0.5805813279505646,0.5614513260652615,0.5558800752879053,0.3771990543451066,0.0473601032246234,0.4398992444585173,0.3941511669454697,0.4018641701420068,0.346797862017508,0.3032828281620311,1.479559440165758,0.022519940676072,1.4647784791886806,1.4582532085478306,1.474572602659464,1.522400040179491,1.4777928702533245,0.5809234400182787,0.014773851592928,0.5973843901214074,0.5546545640246423,0.5789822407533863,0.5814348176915611,0.5921611875003956,0.3160174160760983,0.0626444095697399,0.3676675895021447,0.2980811573888683,0.382631472066939,0.2060124867424685,0.3256943746800708,1.4847518354654312,0.0187225017308268,1.4931370429694653,1.4545248188078403,1.4848147109150889,1.5119433142244816,1.4793392904102802,0.5762228961508751,0.0134602296188537,0.5620066258985474,0.5578666231907514,0.5854032078719239,0.5900353105189666,0.5858027132741855,0.3207405121857355,0.0537908402957445,0.3384814783657209,0.3292712028806275,0.3765813720742132,0.218079369272921,0.3412891383351947,4.4,2.0591260281974,8,4,5,3,2
325,1.4367857629374452,0.0134267722277152,1.425084914659199,1.4597198310651278,1.4278818306170011,1.444467500636452,1.4267747377094468,0.5636066253729541,0.007847497848911,0.5720007910789487,0.5524716069037122,0.5620680926324,0.558606927216156,0.5728857090335541,0.3572883084108841,0.0352348308556937,0.3912942499862673,0.2982128554994324,0.3847447514620303,0.3360393153663306,0.3761503697403597,1.496768981218338,0.0236608179296302,1.5086449645459652,1.486937791109085,1.4704267792403698,1.536956824362278,1.480878546833992,0.5833798230432834,0.0151841767641502,0.6066668265175833,0.5633940895191195,0.5707793711632762,0.5901593511963842,0.5858994768200534,0.2929554908690756,0.0844122362458883,0.2629669915750676,0.3237721328745925,0.3785521345442044,0.1431674312074665,0.3563187641440468,1.504173654317856,0.0203525765737143,1.5262808538973331,1.499838124960661,1.4822432585060596,1.5294265151023865,1.483079519122839,0.570068633821031,0.0117320132411214,0.55991601761979,0.5895678946429416,0.5566219352070374,0.5749191036513338,0.5693182179840525,0.2867848165678223,0.0779312223467465,0.2300822541238974,0.3122408215117376,0.3689543907510937,0.1652640229609023,0.3573825934914804,3.4,0.8,4,2,4,3,4
350,1.4339310179258649,0.0294490463639238,1.458929753303528,1.4589630992789018,1.4428552138177972,1.379282081754584,1.429624941474513,0.5842331780948224,0.0387201349522452,0.5634860023965786,0.5513819649859367,0.5744872400566093,0.6599811941549172,0.5718294888800708,0.3506983023597318,0.0491401032905747,0.2888898863452365,0.3075681370913797,0.3598905265863361,0.4279404941479418,0.369202467627765,1.4899346478283406,0.0194771832476813,1.4733955338597298,1.4911181032657623,1.5257627442479134,1.487718641757965,1.471678216010332,0.5861322885176566,0.0070796380244431,0.5838070339249442,0.5816750434575434,0.5983906652467388,0.5888748661700729,0.5779138337889844,0.3278158665327376,0.0661930991517571,0.3826897942858862,0.3568625177398584,0.2065447096738643,0.3101005683570933,0.3828817426069855,1.5024486139416695,0.0270361620356214,1.4846654906868937,1.5000482760369778,1.5499408841133118,1.5075607746839523,1.470027644187212,0.572002898937285,0.0299291850464611,0.5319952844778666,0.6204883916225854,0.5715535224053189,0.5837191600506018,0.552258136130052,0.2937560406793078,0.0865250303475627,0.3555672971931379,0.34585566140629,0.1506096746769948,0.2377350440241034,0.3790125260960128,4.0,2.6076809620810595,2,2,3,9,4
375,1.447142528734709,0.0073513874745853,1.4611101464221352,1.4422889408312345,1.4480683715719926,1.4425138235092163,1.4417313613389668,0.5617358022423472,0.0044568842013637,0.5599962436881191,0.5601692672924498,0.5575084830152458,0.5606243631267527,0.5703806540891689,0.3255981320384385,0.0245529701547062,0.2936253628008676,0.3564440768602736,0.3003097219933567,0.3439109154757717,0.3337005830619232,1.4740321688354014,0.0191933993286595,1.4699929617345333,1.5085416585206983,1.4532973542809486,1.460293397307396,1.4780354723334312,0.5799306144205426,0.0074538979977032,0.5710623492363576,0.5715263596854877,0.5836984381060081,0.5832814594678974,0.5900844656069626,0.3395476671175125,0.0306408809385404,0.3417726258107545,0.2891335056482229,0.3514023470172172,0.3317616282476245,0.3836682288637432,1.4798342816531658,0.02503896060797,1.483354464173317,1.5244478657841682,1.4519023559987545,1.461138755083084,1.4783279672265053,0.5588804807127346,0.0209788113898708,0.5241099803177054,0.5826727477489749,0.5493255855015771,0.5770017334473917,0.5612923565480238,0.3269643675431536,0.0478378679625533,0.3309659957762353,0.2381196742031129,0.3711968328941957,0.3278816028514731,0.3666577319907509,2.8,0.3999999999999999,2,3,3,3,3
400,1.4028659988704484,0.0486358187094259,1.4587115400715878,1.4059324176687944,1.4505159152181526,1.3302091008738468,1.368961020519859,0.6179174080200818,0.0633876020211455,0.570027211664001,0.5873341297093788,0.5520799326944101,0.7225823764726902,0.6575633895599283,0.3870206031318438,0.0712739961869921,0.287904726211239,0.4154037610199718,0.3191766453654794,0.4731285977579004,0.4394892853046286,1.4692703485488892,0.0338415844809114,1.460324615240097,1.531426902860403,1.468166295439005,1.4286563284695148,1.457777600735426,0.5829566116307375,0.0159881168830977,0.5667567116828872,0.5784807755393325,0.5864849889107586,0.5710832357472931,0.6119773462734162,0.3276827472032866,0.0421387842177648,0.3163064107610694,0.2617565951836728,0.3653630597485504,0.3143430979140628,0.3806445724090775,1.474917222559452,0.0388779658100465,1.461178071796894,1.5476670116186142,1.4776398688554764,1.4350152872502804,1.4530858732759953,0.5664510084245485,0.0179203814477795,0.5339618947910526,0.5883079809542673,0.5687198734140849,0.5746520159155643,0.5666132770477734,0.3249250939330148,0.0533260030193558,0.3160647081442571,0.2354927625107109,0.3685926120570048,0.3152048950177033,0.3892704919353979,7.8,5.81033561853358,2,6,3,18,10
425,1.4376842882758694,0.0545763235341452,1.4852520440754138,1.4872759279451873,1.4466358573813187,1.4318567338742707,1.337400878103156,0.5791558833810118,0.0657941640518637,0.5347608005769082,0.5384666698538598,0.5447435681849313,0.5692841592633142,0.7085242190260453,0.3473808000803449,0.0677926520315564,0.2832158948410548,0.2795153968488691,0.3464065130868971,0.3618719937827572,0.4658942018421462,1.4591148532927036,0.0147602586627891,1.4719389975070951,1.474023673683405,1.46358135715127,1.452077183872461,1.4339530542492869,0.5802633435981771,0.0143667152834007,0.5852297689143253,0.5760003526782667,0.5693816939193023,0.5651167682109468,0.6055881342680441,0.3172149843279619,0.0394392221661048,0.2865788176052107,0.2865788176052107,0.2865788176052107,0.3439605008599339,0.3823779679642434,1.4577994860708714,0.0133093832414008,1.4709228798747065,1.4691801816225052,1.4584100767970083,1.456822481006384,1.433661811053753,0.5478542638835248,0.0163695494121707,0.5297623582437095,0.5737677541893327,0.5311114448727561,0.549084671253612,0.5555450908582137,0.3168004584845111,0.0335216530003134,0.2920138538372269,0.2943755681901046,0.2944523402310067,0.3234506868653543,0.3797098432988628,4.8,5.2306787322488075,1,1,3,4,15
450,1.3646545442781952,0.0540274165316939,1.3223829131377371,1.462815573340968,1.3090879289727462,1.357988176847759,1.3709981290917648,0.6688055994078529,0.0684631461447006,0.7222843459985396,0.5506456588706966,0.7484770724727012,0.6700958500264437,0.6525250696708835,0.4305223378167356,0.0743534516634186,0.4796398021595221,0.2874637923584611,0.496016031898347,0.4506559915804227,0.4388360710869254,1.4418060943484303,0.0208877734888246,1.4211467020213604,1.4797648936510086,1.425588060170412,1.4362551607191565,1.4462756551802158,0.5857923823879878,0.009261168753993,0.5945033245892705,0.5697755675231421,0.5932890388260899,0.5812131693610204,0.5901808116404165,0.3369412323166888,0.0350582330840773,0.3676719698263556,0.2748219572054499,0.3266869187794215,0.3441611598978853,0.371364155874332,1.4430329345166684,0.0222774999405785,1.428721360862255,1.4851762987673285,1.4227583035826683,1.444774080067873,1.433734629303217,0.5718491061796339,0.0072770109135105,0.5755872423612066,0.5816086428573485,0.5613957035944368,0.5657638139917051,0.5748901280934727,0.3453871655024264,0.0253820539034074,0.3478686395084753,0.3044800657021022,0.3440925448185975,0.3458672765948707,0.3846273008880865,13.4,7.227724399837061,17,2,24,13,11
475,1.4346027316545185,0.0401156293777075,1.462019099687275,1.429098949934307,1.462753853045012,1.4606526588138782,1.3584890967921206,0.5802043092957808,0.05373246243571,0.549822988648098,0.560923548717293,0.5483213476039218,0.554645107704107,0.687308553805484,0.3416309040085139,0.0663211098247107,0.2879830455882162,0.384703204908226,0.2894928104158269,0.2936963353203499,0.4522791238099504,1.4707235135138037,0.0271670553012015,1.4618049636483192,1.5216744802892208,1.4664475992321968,1.4637541398406029,1.4399363845586777,0.5808824130613122,0.0108086062427017,0.5775317844040952,0.5800728221297554,0.584621776040823,0.5643869097990042,0.5977987729328829,0.2954929363112088,0.0475261381617742,0.2865788176052107,0.2262520216634991,0.3033209083524329,0.2865788176052107,0.3747341163296906,1.4748832523822784,0.0355360122264377,1.463342048227787,1.540314894169569,1.4665100164711475,1.4720435217022896,1.432205781340599,0.556445711090974,0.0080577474271653,0.5630779541059375,0.5529237383730335,0.5448433157096245,0.5537070812291929,0.5676764660370809,0.2834314818973365,0.0632252921268845,0.2920138538372269,0.1719865073270425,0.3187398585277006,0.2726828710286896,0.3617343187660229,4.6,4.2708313008125245,2,4,2,2,13
500,1.4324976035168295,0.0289396265888263,1.464184976878919,1.416313476311533,1.4494438447450335,1.448736952480517,1.3838087671681454,0.5764230073547256,0.0341054198021549,0.5627454201600868,0.5644328471414372,0.5500929318363446,0.5609496491991498,0.6438941884366102,0.347249156041114,0.0554108767556011,0.2853672347529008,0.403469810228482,0.3236276800013001,0.3011658270303561,0.4226152281925311,1.4640462540090085,0.0069084571823399,1.4650296680629251,1.4727860689163208,1.4516640901565552,1.463887520134449,1.4668639227747915,0.5863755663090634,0.0214912890176189,0.6080504496741974,0.5680739081245023,0.5664834020217554,0.5725840678297325,0.6166860038951298,0.3154936032906189,0.0359817347464772,0.2865788176052107,0.3424656804343575,0.2885094331858845,0.2865788176052107,0.3733352676224312,1.4651684500277042,0.0073740024554222,1.4641599543392658,1.4719954393804071,1.4527801424264908,1.4734133630990982,1.463493350893259,0.5562211939672995,0.0210942748547105,0.56494711903528,0.5526492220701024,0.5188518983752751,0.5618273650469623,0.5828303653088776,0.3190871527900747,0.0390757422255286,0.2921625060571,0.356490456713383,0.3002264549896184,0.2726828710286896,0.3738734751615827,4.4,2.4979991993593593,2,5,3,3,9
525,1.393466507259168,0.0555080926968581,1.376447663809124,1.451268071877329,1.2940731989709957,1.4133259108192042,1.432217690819188,0.6199310244614298,0.0852786303403719,0.6095864281363785,0.5525581308427701,0.7862218899994242,0.5840357937043742,0.5672528796242022,0.3995722431115421,0.0638727045743447,0.4393287804937003,0.3129367935443746,0.4973355268205457,0.3892967855336387,0.3589633291654511,1.451381652057171,0.0174231015130804,1.4639554619789124,1.465992160141468,1.4183708764612677,1.4498468711972237,1.4587428905069828,0.5833539061551775,0.0127400401760419,0.5876581044060296,0.5654269399225746,0.6039475269324064,0.5764591347702106,0.5832778247446657,0.3450308496803643,0.0347945687198084,0.3744771674491238,0.3200254532357729,0.3872461172541771,0.2926302099099992,0.3507753005527485,1.4644367054104803,0.0194307210417673,1.4983594045042992,1.4658845998346806,1.438181288540363,1.461298368871212,1.4584598653018477,0.5585745402792666,0.0087545880071244,0.5560786272119277,0.5564295001538723,0.5705761484773313,0.5448628854392153,0.5649255401139865,0.3310371421667535,0.0338778579406628,0.3117310799294815,0.3309362161056911,0.3788330551274005,0.280247616981597,0.3534377426895974,11.6,11.943198901466891,10,3,35,6,4
550,1.4408494994514869,0.0324195358712479,1.449728547899347,1.4631178906089382,1.4646615505218503,1.4494469366575542,1.377292571569744,0.5682942276327475,0.0385398401521896,0.5486920937919595,0.5463332841762668,0.548632317485119,0.5525427835818393,0.6452706591285529,0.3308768177408934,0.0536401501004824,0.3373396837218443,0.2898485295683393,0.2841176463742883,0.3116727024788618,0.4314055265611334,1.4951521456241608,0.0457489343647014,1.574456688016653,1.5125055648386478,1.485189151018858,1.4547375328838823,1.4488717913627625,0.5828884520876384,0.0057407769580634,0.573225777778473,0.5908227706458654,0.5856515824064565,0.5827529327525961,0.5819891968548011,0.3010538102079552,0.0846574911363558,0.1414595771619945,0.295531095839959,0.3790973936342917,0.3295580579360164,0.3596229264675143,1.5079236447811126,0.0602369757756494,1.6140379942953589,1.52357854321599,1.4993767738342283,1.460099745541811,1.4425251670181751,0.5606419500344613,0.0159493672665302,0.5471788990720141,0.5753173088607589,0.5365313119795043,0.5760787242462445,0.5681035060137842,0.2686795168177943,0.0968362560679015,0.0866818579271695,0.2543903117241602,0.3325176719580457,0.3160314981321071,0.3537762443474888,4.0,3.03315017762062,3,2,2,3,10
575,1.4198976039886475,0.0383266670555161,1.4529982880542154,1.3717386471597772,1.3742293671557777,1.450637880124544,1.4498838374489231,0.57075569473623,0.0218438833237257,0.5536612549619393,0.5989566298332943,0.5957809693660264,0.5557919712247613,0.5495876482951285,0.3609583448459665,0.0690295739061331,0.304811352627836,0.4465957913435746,0.4443712392220061,0.3064890142743533,0.3025243267620628,1.4726248890161515,0.0164102021475268,1.4578063152730465,1.500821623951197,1.4573343954980371,1.4666456393897531,1.4805164709687233,0.5742362986674772,0.0074446991653934,0.5773240951798064,0.5639647205737707,0.575091723346725,0.5689944637186852,0.5858064905183992,0.3147333141231087,0.0374700818362259,0.2958562456851578,0.270363275786869,0.3615991400283031,0.2885407295047816,0.3573071796104315,1.4851398929953574,0.021174656818536,1.4579081647098064,1.51720954105258,1.5005255341529846,1.4711174257099628,1.4789387993514538,0.5432875988844476,0.0188116902219044,0.5396806354392296,0.5095251999237682,0.5458029393247008,0.5618894109202356,0.5595398088143033,0.2994624239142061,0.0385232853267649,0.3028344986595236,0.2359249623661186,0.3151255958236562,0.2890311268111435,0.3543959359105884,6.6,4.409081537009721,3,12,12,3,3
600,1.4055981096468473,0.0426546685746398,1.3892410868092586,1.4646602555325157,1.4427328548933331,1.345992865060505,1.3853634859386244,0.6135357692999428,0.0597987042107615,0.6218828517424747,0.556267149439415,0.5410124838275442,0.705047846878829,0.6434685146114507,0.3860263183965253,0.0614204894329665,0.4243701722267047,0.2873449154044984,0.3438264244807434,0.4548494912931651,0.4197405885775149,1.4638027608394624,0.0125288054092192,1.46204087510705,1.47547709941864,1.4805554188787935,1.4483144246041777,1.45262598618865,0.5714007329787416,0.0049496216478653,0.5641269209665224,0.5774517271434683,0.5748576509881995,0.5672402459571058,0.5733271198384121,0.3522575581899982,0.0261831841875773,0.3743720469607765,0.3029226805230826,0.3527747280111685,0.3742119720346195,0.3570063634203442,1.4718816861510278,0.0223556378056694,1.4817733652889729,1.472778357565403,1.5079411901533604,1.4495923966169355,1.4473231211304665,0.5629707260692072,0.0205682093787137,0.5528677101876499,0.585212342209923,0.5530717934221737,0.5884779353183,0.5352238492079894,0.3389184876349803,0.0284248948260417,0.3476338539617521,0.3112216686687902,0.3001099710226181,0.3710430700368392,0.364583874484902,8.0,4.857983120596447,9,2,4,16,9
625,1.4290808153152468,0.0193108649702485,1.463869847749409,1.4292440288945247,1.4261317039790906,1.4049108166443671,1.421247679308841,0.5686972049642133,0.0257988525321217,0.5469714245612891,0.5536736635977313,0.5541300755330881,0.617821334433635,0.5708895266953229,0.3653437020550611,0.0388867042356392,0.2882327460229885,0.3773879515811674,0.3871080314174634,0.3924023567148642,0.3815874245388221,1.4761957757174968,0.0184765674837868,1.4702531695365906,1.5016361959278584,1.4746680557727814,1.446467150002718,1.487954307347536,0.5666342181232426,0.0079959856384166,0.5563482392057308,0.5728776427755027,0.5592920955434068,0.5670263197323026,0.5776267933592699,0.3232002581901235,0.0193951092433614,0.2994426567302413,0.3206542945788993,0.3522123518151285,0.3066049946840611,0.337086993142287,1.48585831746459,0.0197000954863897,1.477298580110073,1.51052775233984,1.4889583326876163,1.4531828947365284,1.4993240274488926,0.5448184318417296,0.0214074977719875,0.5334769717854859,0.5153947612501274,0.5459788554392556,0.5806115749627982,0.5486299957709807,0.3238536365093646,0.0213053577135468,0.3146831402012993,0.3093301642280926,0.362010477599779,0.3022341805135746,0.3310102200040777,5.2,1.9390719429665315,2,5,5,8,6
650,1.430763073971397,0.0282522062588457,1.4424695391404,1.455837156898097,1.455389326497128,1.4192082367445291,1.3809111105768304,0.5725608852580513,0.0431855270656742,0.5466756164720044,0.5378264092373739,0.5456717189465936,0.5782595544787066,0.6543711271555781,0.3571072580015255,0.0391604501838644,0.3548489784693788,0.3191756929215221,0.313350186464704,0.3792618215279918,0.4188996106240308,1.4650904834270475,0.0098327592478037,1.4786830507218838,1.4750747121870518,1.460198700428009,1.456237193197012,1.455258760601282,0.565937381192047,0.012976723589817,0.5490898629729926,0.5679894478016664,0.5668075915798083,0.5577967986581692,0.588003204947598,0.3235807579413582,0.0242723191326993,0.3250118196377141,0.2980920337587762,0.3416636763876911,0.2953498367692062,0.3577864231534034,1.4688086047768594,0.0131606510676587,1.488539446145296,1.4741683900356293,1.4724566228687763,1.4577345363795755,1.451144028455019,0.5504965656764347,0.0187252029540997,0.5574511700398532,0.5631855534064939,0.5134927377491542,0.5557258125785454,0.5626275546081265,0.3281307274008311,0.0266510735730316,0.3168677756370528,0.3082946719892072,0.3600272713446699,0.2960036759852244,0.3594602420480011,5.6,3.3823069050575527,4,3,3,6,12
675,1.4109052482404207,0.0370038547743851,1.4534325888282371,1.3732256588182952,1.4016381577441568,1.455081904561896,1.371147931249518,0.5837045807739057,0.0503883247165505,0.5297319771065083,0.6016501545535953,0.574600015027117,0.5416232317318884,0.67091752545042,0.3785247153175507,0.0653207591262807,0.3064738955262941,0.4431108014636563,0.4144505946948091,0.2926155630477371,0.4359727218552566,1.4788776867091655,0.0173630692932447,1.468001063913107,1.481574572622776,1.5117040239274502,1.4660489708185196,1.4670598022639751,0.5672912150307271,0.0117682945902283,0.5570841244003816,0.5657807572807517,0.5531828665387002,0.5750338813537865,0.5853744455800156,0.3044016101951157,0.0328530655629661,0.2895234742448898,0.3219056003739482,0.2571611044325021,0.2980560824180938,0.3553617895061445,1.4921857364475728,0.0347669467219137,1.473006308078766,1.490682940930128,1.5597871728241444,1.4699372462928295,1.4675150141119957,0.5385569511183333,0.0166624264333984,0.5277214978014995,0.5472615046226248,0.5360038893622202,0.516634574290797,0.5651632895145253,0.2820970749681418,0.0559833662582005,0.3045408784896927,0.3169459130523501,0.1784153924686049,0.2726828710286896,0.3379003198013718,8.2,4.48998886412873,3,13,9,3,13
700,1.4251590008484691,0.0380473374319583,1.4642043377223768,1.3804616702230352,1.444527994958978,1.45858929408224,1.3780117072557148,0.5776952928334255,0.0428914559164766,0.5412531743684672,0.6002634322262476,0.5446689263968654,0.5503002398783329,0.6519906912972142,0.3587375388848715,0.0610157958952748,0.2919041291027159,0.4383035570573931,0.3459575741251545,0.29689906300037,0.4206233711387239,1.4695844240486622,0.0058782149481492,1.467036422342062,1.4777507819235325,1.4720827899873257,1.4710216484963894,1.4600304774940014,0.5584224927752931,0.0039306234894518,0.554945450609234,0.5550871063015804,0.5568565236181303,0.5597408602869886,0.5654825230605324,0.3201654464501452,0.0324525425188759,0.2865788176052107,0.3112563028232739,0.3539595557427977,0.2865788176052107,0.362453738474233,1.475656436383724,0.0060694893953757,1.4715974293649197,1.4840356670320034,1.4812160208821297,1.473699163645506,1.4677339009940624,0.5330790073737491,0.0169619563539735,0.5025342280573682,0.5345218876554849,0.5457636959000475,0.5310942165714114,0.5514810086844335,0.3199223400935039,0.034891109258865,0.2933408706811985,0.3161942616966606,0.3666962858649268,0.2726828710286896,0.3506974111960442,6.6,4.882622246293481,2,12,4,2,13
725,1.4246682982695729,0.0303549087025239,1.4291235810831973,1.4458085587150171,1.367739358701204,1.454627428556743,1.4260425642917032,0.5664275769788134,0.0313533745377624,0.5518134922505191,0.5334937538917185,0.625962154523157,0.5610491607956435,0.5598193234330288,0.363589809627323,0.0512538945460171,0.3785850221419889,0.3336540981608396,0.4488062092448381,0.2946685835478332,0.3622351350411151,1.4721865981817246,0.0093359558566317,1.4854623563587666,1.4620918929576874,1.4609895087778568,1.4759223125874996,1.4764669202268124,0.5534440888557006,0.0123232466573851,0.5446093654732822,0.5392381863027298,0.5563536632057046,0.5519260747222631,0.5750931545745233,0.3310688824027938,0.0239933346654672,0.3374729183631523,0.3065772539026546,0.3650398001662809,0.3012481689100118,0.3450062706718694,1.4819435633718967,0.0171396176529348,1.511134497821331,1.4585870057344437,1.4860561564564705,1.478520642966032,1.4754195138812063,0.5258873795306618,0.0036363940417487,0.5254389912129751,0.5292497986067277,0.5299381335719591,0.5250457419520637,0.519764232309583,0.321069155676463,0.0129196871600304,0.3027821884304071,0.3194289677032347,0.3372715769330185,0.3122536736750499,0.3336093716406048,6.8,4.707440918375927,5,4,16,3,6
750,1.4479538327769228,0.0100560460179314,1.4624551773071288,1.437756041476601,1.4560186310818322,1.446760014483803,1.4367792995352493,0.5416684604687507,0.0069285682699766,0.534818227937623,0.5358007700549976,0.5383381121096364,0.5466262392660999,0.5527589529753966,0.3144811073540307,0.0236459439543565,0.2889126878576177,0.3511234003882832,0.292556969988027,0.3085106326301032,0.3313018459061222,1.4828409515321257,0.0210163442527302,1.5221938900649548,1.4708338715136051,1.465931672602892,1.468262504786253,1.4869828186929226,0.5557393250031588,0.0088013268135901,0.5515874438330299,0.5403617144255342,0.5628147923874806,0.5636975425368017,0.5602351318329479,0.2767165533894239,0.0646067646438028,0.1493824447722485,0.3006688171138494,0.3021201230059108,0.301619581254918,0.3297918008001927,1.4857348531484604,0.0280708028299096,1.5406179949641228,1.4703666232526302,1.4650096371769905,1.4698036760091782,1.4828763343393805,0.5366729395027389,0.0051492258625921,0.5337412158081425,0.5443613338247671,0.5302356413767187,0.5408310207461258,0.5341954857579406,0.2734855193881447,0.0849232659448863,0.1048183692153013,0.3060154619435236,0.3220267639585288,0.3038629571795893,0.3307040446437803,3.8,1.16619037896906,2,5,3,4,5
775,1.4240483585156891,0.0395092218039973,1.3815761741838957,1.390370794346458,1.480574971751163,1.4610540113951032,1.4066658409018264,0.5651241514189798,0.0340767225221808,0.5956797655713282,0.5947206252442254,0.5090089980257015,0.5426183781865239,0.5835929900671196,0.3652361971075504,0.0637632263432559,0.4334180176963799,0.4232533839360825,0.2838315908332776,0.2944447229457922,0.39123327012622,1.4861353546380998,0.0307408727423727,1.5397317558526993,1.450107853859663,1.4766750782728195,1.467382751405239,1.4967793338000774,0.5559609141502263,0.0092731649121682,0.5558051661005672,0.5447083741924968,0.5490521296535145,0.5584927940544708,0.5717461067500822,0.278952913941168,0.0369400000318838,0.2073919222821308,0.3074003807880416,0.2865788176052107,0.2865788176052107,0.3068146314252464,1.494518280774355,0.0423940999698238,1.572815414518118,1.4479799941182137,1.4752695970237255,1.477279543876648,1.4992468543350697,0.5292268030333401,0.0172703268914919,0.5578946182808638,0.5290864625717062,0.5034287745343244,0.5281738612485021,0.5275502985313042,0.2737485023883387,0.056444223318818,0.1662310519162318,0.3239564710805396,0.2944523402310067,0.2726828710286896,0.3114197776852256,7.0,4.604345773288535,12,11,1,2,9
800,1.4290143221303038,0.0481124335085279,1.455601830231516,1.4879330923682763,1.3439185795031097,1.437593829004388,1.420024279544228,0.5784680011660731,0.0633584410088115,0.5352395482868094,0.5317831811830592,0.7026945724461866,0.5623945056824644,0.5602281982318457,0.3479074000061929,0.0663689912652348,0.298491620509552,0.2823533284823002,0.4671851742525268,0.3228570094055145,0.368649867381071,1.4785667300224303,0.0162377105083067,1.4617755077779293,1.4768419712781906,1.488839477300644,1.4615472555160522,1.503829438239336,0.5527650914798438,0.0124384343972406,0.5429383384852466,0.5399825982178107,0.5630001631454601,0.5460622747327132,0.5718420828179882,0.2826426309739848,0.0246484559326632,0.3051365848274878,0.2865788176052107,0.2997387910212687,0.2861451913332404,0.2356137700827165,1.4885657899081708,0.025507497109292,1.469562228769064,1.4731130376458168,1.5338571555912497,1.4666674844920635,1.4996290430426598,0.5270937031228472,0.0178281228762098,0.4981967856538406,0.5486647945689536,0.5317431243137662,0.5169500217161277,0.5399137893615481,0.2764403711544618,0.0263469684413541,0.3128982391879849,0.2943755681901046,0.2349382247745361,0.2726828710286896,0.2673069525909941,8.2,8.634813257969162,3,1,25,5,7
825,1.425328711710478,0.0339226231598002,1.4657792379981591,1.4514555931091309,1.394590637558385,1.4378048068598697,1.3770132830268458,0.5693843991255059,0.0400669307704762,0.5294985374870939,0.5368170534819977,0.5802134246736648,0.5592133040228459,0.6411796759619272,0.3490526695590971,0.058515105072909,0.288773494415536,0.3021289365001275,0.4162764689563937,0.3144232338920871,0.423661214031341,1.467973805963993,0.0052799430796271,1.465022273361683,1.4677129983901978,1.4757676795125008,1.4602346569299698,1.4711314216256142,0.5557212452613187,0.0165421574189561,0.5463643027530174,0.5444055729563295,0.549877545348105,0.5493973732923376,0.5885614319568038,0.3169573206422605,0.0280401696305416,0.2865788176052107,0.3133461147060169,0.3498026769727482,0.2865788176052107,0.3484801763221158,1.4761551663279533,0.0166442864321942,1.4679588340222836,1.4655371084809303,1.50930368155241,1.467631507664919,1.4703446999192238,0.5170422140512401,0.0195186841074663,0.4864512802193752,0.527424726450492,0.5323066379688414,0.5019632989185991,0.5370651266988924,0.305663745876865,0.0249449974585477,0.2920138538372269,0.3269403433727819,0.2952855027849654,0.2726828710286896,0.3413961583606613,7.8,4.915282290977803,2,4,12,6,15
850,1.4145055389404295,0.0368440004497146,1.4586644147571763,1.4115278984370985,1.444815320717661,1.4047827469675165,1.352737313822696,0.5732173880032269,0.0485688898967242,0.5275171026619883,0.5752230899376986,0.5341891558787711,0.5658068191787243,0.6633507723589523,0.3730031281387173,0.0559387337559944,0.2879607678957563,0.40210113680744,0.3347536925109022,0.3912247864388648,0.4489752570406234,1.4616396963596343,0.0102302444899069,1.465516846626997,1.4523727893829346,1.4763575866818428,1.447968456894159,1.4659828022122383,0.5513719649646207,0.0092743633452891,0.5455490897343107,0.5499983177526552,0.5597114338512533,0.5380710693263805,0.5635299141585041,0.3203569081250329,0.0252311424482542,0.3165129185241537,0.2993223543905802,0.3525890152010446,0.2878714655520706,0.3454887869573154,1.4679937921464443,0.0151996831932018,1.4848474934697151,1.449486654251814,1.4864387661218643,1.454729989171028,1.4644660577178,0.5129500149820976,0.0165633934955431,0.4868845861248948,0.5056508368813988,0.5111942967070107,0.527408221031481,0.5336121341657021,0.3181842504961908,0.0262751854300262,0.3152142188125821,0.3130095684718206,0.3440149892431682,0.2733363520610155,0.3453461238923675,10.2,6.997142273814361,3,9,5,11,23
875,1.4610304440950093,0.0083579396224406,1.458239768680773,1.4531628056576378,1.4597130260969464,1.4568658841283697,1.477170735911319,0.5297576907241739,0.0116350134308047,0.5300567842053323,0.5268243754373357,0.5280375150632802,0.5500419944060682,0.5138277845088528,0.2924908113345698,0.0055261271692664,0.2884772653164933,0.3030394857586543,0.288075439198037,0.2927660604006841,0.29009580599898,1.4686675727367402,0.0079133044510332,1.463151454925537,1.4644968435168266,1.4635939300060272,1.467966929078102,1.4841287061572075,0.5508260975242691,0.004711367144689,0.5501227207789244,0.555781444570765,0.5483715648772243,0.55618415810389,0.543670599290542,0.2893142581484895,0.0099214168989497,0.297987398035878,0.3008127708867846,0.2885094331858845,0.2865788176052107,0.2726828710286896,1.466010868549347,0.0067843124590259,1.4665026180446148,1.4578825011849403,1.4591481126844883,1.470851305872202,1.4756698049604893,0.5164161129743503,0.0132803723392316,0.4930236146856321,0.5296966831055273,0.5121306394323942,0.5193574051745089,0.5278722224736889,0.2966212544192934,0.0123034235503264,0.3111241486144326,0.3104885284005392,0.2939931565575373,0.2809216209187468,0.2865788176052107,2.8,0.9797958971132712,3,4,3,3,1
900,1.433754044833936,0.0400266998935777,1.4649149606102392,1.4200751467754966,1.4608022125143754,1.4621322958092942,1.3608456084602758,0.5619950454546813,0.0382677461368938,0.5462165281716699,0.5716176536603536,0.5249186138798623,0.5352823095330277,0.6319401220284929,0.3374526809484214,0.0629282074209886,0.2883491777981156,0.3722148761904859,0.2874221528996789,0.2934634329036516,0.4458137649501749,1.489656276255846,0.030965844897976,1.4650622569024565,1.5058584921061993,1.5434644930064678,1.4673900417983532,1.4665060974657536,0.5498571496667399,0.0090530568418467,0.55738567543624,0.5359940683455714,0.5453193271253901,0.5489203750850132,0.5616663023414847,0.263870666641033,0.0742250353677517,0.2865788176052107,0.296850100697669,0.1189494087216009,0.2865788176052107,0.3303961885754732,1.4963166624307631,0.0377716868198695,1.4716247729957104,1.5161755308508873,1.5607961229979992,1.476316574960947,1.4566703103482723,0.5252723188874605,0.0115031415374916,0.503124776797856,0.5350867444185313,0.5306806687992395,0.5320171031398722,0.525452301281804,0.2599521852966308,0.0786731181552315,0.2920138538372269,0.2955111451463438,0.1073828669677171,0.2726828710286896,0.3321701895031768,7.2,6.910861017268399,2,9,3,2,20
925,1.4466841795569974,0.0154490088086344,1.4576345857821014,1.4290072842648154,1.458811186489306,1.4612947300860757,1.4266731111626876,0.5460871214093148,0.0164676631566209,0.5308697850457439,0.5743581733308146,0.5373072901435947,0.5330212848561044,0.5548790736703163,0.3180004172036921,0.0316913397496693,0.2947423946511791,0.3617160332549419,0.2885905902578848,0.2936260121553115,0.3513270556991433,1.4898755237460135,0.025829208611277,1.4907279312610626,1.535836599767208,1.4649472124874592,1.4654850400984287,1.4923808351159096,0.5524131080273343,0.0085716722100994,0.5403798506000426,0.5481569629946321,0.5510804248494935,0.556355435822244,0.5660928658702593,0.2867153469051134,0.0568931422362677,0.3373787327982551,0.1814327394767427,0.2913574871740431,0.2865788176052107,0.3368289574713158,1.4988290607929229,0.0313402964365311,1.513772279024124,1.5514735169708729,1.4640623591840267,1.4732261672616005,1.4916109815239906,0.5307708157185127,0.0094000387885443,0.5257401641136142,0.5240787602522362,0.5210837514728609,0.5365419291599348,0.5464094735939172,0.2704679998513885,0.0648526040724933,0.2893774932678741,0.1483615279332705,0.3028187228220227,0.2726828710286896,0.3390993842050856,4.4,2.1540659228538015,3,7,3,2,7
950,1.428387178370827,0.0416129370853398,1.4851079852957474,1.4335984267686543,1.4550681465550472,1.4037754322353162,1.3643859009993704,0.568887133501143,0.0452484707896485,0.5145205626972735,0.5604859230338634,0.5330195607669057,0.595184527251984,0.6412250937556879,0.3520846847076543,0.0581325370753914,0.282571350410932,0.3419137753360692,0.3013206217395404,0.3963799363534115,0.4382377396983181,1.48346459120512,0.023150632149287,1.4781227074563503,1.5276067070662975,1.4701466374099257,1.4807398281991482,1.460707075893879,0.5393502423446402,0.0105806693020296,0.5258027554790076,0.5302049050823949,0.5414700665110115,0.5434535634433193,0.5558199212074678,0.2889643162482057,0.0491601223682064,0.2865788176052107,0.1994258801900204,0.2927746576998171,0.342083250068779,0.3239589756772013,1.486348393559456,0.0283505076981221,1.4852767325937748,1.5381804555654526,1.4774252958595753,1.4791454933583736,1.451713990420103,0.520363165127043,0.023080552427784,0.4853453488886587,0.5343256012780273,0.5194850844104797,0.5537023456330987,0.5089574454249499,0.2880192110288327,0.0594428008794335,0.2920138538372269,0.1721568750073105,0.3214822208494623,0.3313309679653973,0.3231121374847662,9.0,7.293833011524188,1,7,4,11,22
975,1.44444395441758,0.0322875532024683,1.4668741251292985,1.454609559711657,1.4625012159347537,1.4578282130391975,1.380406658272994,0.5588324242450738,0.0451012154279619,0.5374027865688179,0.5405189398540265,0.5222394043261607,0.5463875883345839,0.6476134021417799,0.3131117017129802,0.0480573401231113,0.2859901334810986,0.2932974670412456,0.284024468588179,0.2933151830661273,0.4089312563882506,1.4667106293141845,0.0014857553234567,1.4676563739776611,1.4676879346370697,1.4681443236768246,1.4641666822135448,1.4658978320658207,0.5382554016521748,0.012202689755681,0.5225598170509698,0.5285811786703071,0.5354611855835247,0.5520437618776368,0.5526310650784353,0.2963596644166183,0.0136034704255175,0.2865788176052107,0.2909174848903066,0.2948664597777502,0.2865788176052107,0.3228567422046136,1.468417838960886,0.0060000178576179,1.4738132432103157,1.4632468409836292,1.4732069447636604,1.4725687205791471,1.4592534452676773,0.5207486815764932,0.0224358899124864,0.4807412363909229,0.5258792056146115,0.5155461262756731,0.5353258638145522,0.5462509757867061,0.2932980172998413,0.0120414871937122,0.2942560059940445,0.293527419073164,0.295585132848306,0.2726828710286896,0.3104386575550025,5.4,4.841487374764082,2,4,3,3,15
