lags,train_mse_mean,train_mse_std,train_mse_fold_1,train_mse_fold_2,train_mse_fold_3,train_mse_fold_4,train_mse_fold_5,train_r2_mean,train_r2_std,train_r2_fold_1,train_r2_fold_2,train_r2_fold_3,train_r2_fold_4,train_r2_fold_5,train_corr_mean,train_corr_std,train_corr_fold_1,train_corr_fold_2,train_corr_fold_3,train_corr_fold_4,train_corr_fold_5,val_mse_mean,val_mse_std,val_mse_fold_1,val_mse_fold_2,val_mse_fold_3,val_mse_fold_4,val_mse_fold_5,val_r2_mean,val_r2_std,val_r2_fold_1,val_r2_fold_2,val_r2_fold_3,val_r2_fold_4,val_r2_fold_5,val_corr_mean,val_corr_std,val_corr_fold_1,val_corr_fold_2,val_corr_fold_3,val_corr_fold_4,val_corr_fold_5,test_mse_mean,test_mse_std,test_mse_fold_1,test_mse_fold_2,test_mse_fold_3,test_mse_fold_4,test_mse_fold_5,test_r2_mean,test_r2_std,test_r2_fold_1,test_r2_fold_2,test_r2_fold_3,test_r2_fold_4,test_r2_fold_5,test_corr_mean,test_corr_std,test_corr_fold_1,test_corr_fold_2,test_corr_fold_3,test_corr_fold_4,test_corr_fold_5,num_epochs_mean,num_epochs_std,num_epochs_fold_1,num_epochs_fold_2,num_epochs_fold_3,num_epochs_fold_4,num_epochs_fold_5
-800,110.45587220135856,4.557328554507083,102.5940601348877,112.90547588572782,116.1483377568862,111.65629097433651,108.97519625495462,-0.1884627116427702,0.012097731619649,-0.1865010622669669,-0.1940384086440591,-0.1896995470804326,-0.2045243438552407,-0.1675501963671516,-0.0026341566152576,0.0094653572370551,-0.0004084745072759,-0.016215059804338,0.0007054816188482,-0.009001633335891,0.0117489029523687,69.02762028543573,14.143156665922538,61.829249465674685,62.33309407819782,61.85561501352411,61.808895914178144,97.31124695560388,-0.3470515389191477,0.1638843758436375,-0.2660696506500244,-0.3140547902960526,-0.2743867112879167,-0.2123979183665493,-0.6683486239951953,-0.0096184315044012,0.1187163980745505,-0.1039925417211825,-0.1103635401487464,0.215506768867112,-0.0127822719841149,-0.036460572535074,90.0157824064556,19.309161607426468,119.64727753087094,93.53669727057742,78.217491886072,96.75419563159608,61.92324971316154,-0.3017308197523418,0.1964395457997004,-0.1461980133725886,-0.2367358960603413,-0.231585493213252,-0.6893088618914286,-0.2048258342240986,-0.0152669747525482,0.1020129146978673,-0.1133439996537115,-0.0891999416523041,0.1679720611407487,-0.0615533385752585,0.019790344977784,14.8,10.419213022104886,5,3,32,16,18
-775,110.42299438476562,4.573254373190151,102.58133082670324,114.19377210280474,115.68915254929486,109.36925183464498,110.28146461038028,-0.1849252092137056,0.0185365024156443,-0.1844066949451671,-0.2184679715072407,-0.1770163472960977,-0.1620069552870357,-0.1827280770329868,-0.0008552771438232,0.0069811580062237,-0.0103059409883023,-0.0019910621580065,-0.001744003275973,0.0114568113275762,-0.0016921906244105,68.83721652783845,14.029641303457211,61.70735151725903,61.93816176631994,61.829587384274134,61.814864108436986,96.8961178629022,-0.3472015849330969,0.1719400453397979,-0.242684803510967,-0.2780692598275971,-0.2673239425608986,-0.2576370647079066,-0.6902928540581151,-0.024093445201339,0.0832224867928251,-0.0696550656820794,-0.0533959005444653,0.1376303284298301,-0.0377866678601621,-0.0972599203498184,89.84529471481055,19.61320580190603,120.8700325279905,93.59134048328065,78.12495131241648,94.8093764321846,61.83077281818056,-0.3158423310831973,0.2419139205681366,-0.1378538535352338,-0.2086080804205777,-0.2253821418996442,-0.7958145559879771,-0.2115530235725536,-0.0300262352243359,0.0704324354406724,-0.0823035733488372,-0.0357793381666405,0.105408542413722,-0.0874276933599296,-0.0500291136599946,14.4,4.923413450036469,10,13,24,13,12
-750,109.55677520751952,3.899260457828856,102.69897793040556,112.11086560417624,114.2127971873564,109.9838571211871,108.77737819447236,-0.1796004298855276,0.0189697226398053,-0.2076963599990396,-0.1935146240627064,-0.1574505367699791,-0.1776838541030883,-0.1616567744928247,0.0016227486155762,0.0050561556874783,0.00098149023594,0.0035286821770783,-0.0073264471671256,0.0081263735133688,0.0028036443186197,68.41664483254416,13.143026349579776,61.71708475079453,61.70930071044386,62.03662079258969,61.91869098261783,94.70152692627488,-0.3525300960791738,0.2322889652427821,-0.2257656737377769,-0.2233990943222715,-0.2919569747489795,-0.2080256123291818,-0.8135031252576593,0.0215280942851677,0.1441760234225321,-0.0631094173295423,0.1020036298912345,0.2633946483889431,-0.0552371110636414,-0.1394112784611551,90.64941123159308,19.958518626756163,121.63035031368858,94.28367544475354,78.50613523784436,97.00226442437425,61.82463073730469,-0.2995630339572304,0.1965542191106689,-0.1363308952565778,-0.1674605106052599,-0.2479969848666274,-0.6806704245115581,-0.2653563545461286,0.0035937017697857,0.1267722466230177,-0.0848832757931137,0.1136711210986648,0.1967732302820015,-0.107487537350767,-0.100105029387857,16.8,10.961751684835775,11,23,35,11,4
-725,110.20369675131406,3.8933906697734657,103.2385649064008,111.61283167670754,115.217853456385,110.4237798129811,110.5254539040958,-0.1813993616665111,0.008895713900775,-0.1882577920661253,-0.1926723129609052,-0.1667392429183511,-0.1791127239956575,-0.1802147363915163,-0.0011694431290208,0.0058129218098253,0.0068668877952458,0.0007557183736935,-0.0067295993596096,0.002109862350934,-0.008850084805368,69.03233312640273,13.97584016087625,61.90474911739952,61.741027564333194,62.74034613893743,61.800906331915606,96.97463647942794,-0.3598776200361419,0.1642078214504037,-0.2753930426480477,-0.2468607425689697,-0.3423835446960048,-0.2534910670497961,-0.6812597032178912,-0.0523685571271926,0.0875488367742552,-0.1078592294729069,-0.0963319460820537,-0.0926271348603462,-0.0872295618285996,0.1222050866079435,89.99637502034506,19.181437641224505,119.89160400524474,93.87831590886702,79.49022875334087,94.93937626219632,61.782350172076306,-0.3233705209012616,0.2369744395206768,-0.143771957932857,-0.1847231785456339,-0.2930816391058135,-0.7871634144532053,-0.2081124144687987,-0.0332227231320933,0.1234741380173832,-0.1263266549069892,-0.0631223109039159,-0.0573507794219869,-0.1258811406268362,0.2065672701992617,13.2,10.943491216243562,6,8,8,9,35
-700,110.12756686491124,3.853303305297889,103.51415961770452,111.03574438656078,115.56275957892925,110.48620351903578,110.03896722232594,-0.1911815366324256,0.0155659624009467,-0.2203712961252998,-0.1776544367565828,-0.1825428401722627,-0.1938814924043767,-0.1814576177036061,0.00543780746143,0.0039169763206203,0.0123121096506057,0.0035787184572066,0.0068189079979407,0.0008910547264403,0.0035882464749567,68.78738800182677,13.567551806742593,62.15543847335013,61.712592710528455,62.392784336157014,61.75834085230242,95.91778363679585,-0.3449328646325228,0.1984303443351989,-0.1969660792434424,-0.248076904238316,-0.3185619283140751,-0.2274197214528134,-0.7336396899139672,-0.0056134344918016,0.0820341986741543,-0.0253769634444707,0.128155421939466,0.0389428692543062,-0.0648046373512203,-0.1049838628570892,90.85870384751703,20.5628241333188,123.87327983923126,93.81543726670115,79.01375114708615,95.88500665363512,61.70604433093155,-0.3110008149816279,0.2136572999913356,-0.1393812476542958,-0.1856915804377773,-0.2718200735878526,-0.7291271623812223,-0.2289840108469913,-0.0024751085673638,0.088997398904353,-0.0239221332594752,0.1487102122944698,0.0348360501719932,-0.1076888446124237,-0.0643108274313833,16.8,4.534313619501853,17,24,19,12,12
-675,110.1657539816464,3.6944230751073177,104.1555482752183,110.28326559627756,115.63255370644964,109.34651042713838,111.41089190314798,-0.1877540029497707,0.0134316784030077,-0.1983328279326943,-0.1776156958411721,-0.1836421100532307,-0.1713728582157808,-0.2078065227059757,-0.011713409639282,0.0041339807957359,-0.0123478020981351,-0.0131569284281474,-0.0183901034790324,-0.0071586386992267,-0.0075135754918686,68.61594292490106,13.135148604866224,61.906890768753854,61.832526524861656,62.4958830047072,61.962350611101115,94.88206371508149,-0.3882002387130469,0.2063449173436894,-0.2736669486029106,-0.2668639672429938,-0.3257521735994439,-0.275964431595384,-0.7987536725245024,-0.0657654593670087,0.0706112699543801,-0.1041265213484222,0.0569228469771986,-0.0315405985569221,-0.1148649773033531,-0.1352180466035446,89.81710798698559,19.26043597405927,120.14292857521458,93.61860710277892,79.15707822431598,94.38870905156722,61.77821698105126,-0.3430621703465779,0.2498184242169646,-0.1426890011419329,-0.2023238006391023,-0.278258178317756,-0.8336883762426543,-0.2583514953914441,-0.0620972486009314,0.0851791897020748,-0.1253854262217748,0.0864225231682467,-0.0235525364962022,-0.1470935597296869,-0.1008772437252398,10.2,5.491812087098393,7,19,14,4,7
-650,109.11153841804057,4.279591111252274,101.39258609098546,108.38646572337431,114.18613512375777,110.6575268689324,110.93497828315286,-0.1750609295508441,0.0135593957764296,-0.1752617005039664,-0.1596697979113635,-0.1605593477978426,-0.1938602051314185,-0.1859535964096293,0.005174056284443,0.0081869549043618,0.0114045993183561,0.0050298036007648,-0.0044991647037129,-0.0029392043368288,0.0168742475436361,68.7027154353627,13.496921561216784,61.784069195128325,61.8915571915476,62.315645017121966,61.82840474446615,95.69390102854946,-0.368665047277484,0.1890455608969329,-0.2569994372234009,-0.2723170916239421,-0.311677102457013,-0.2576720066237868,-0.7446595984592772,-0.0843600298175915,0.0151810722826581,-0.0779881005649242,-0.0728660656421102,-0.0936446470829347,-0.1093459429072314,-0.0679553928907568,89.92127492135032,19.4764198252781,120.58778608891002,93.60602040876422,78.89488303870486,94.82743350246496,61.6902515679075,-0.328310559716141,0.2375704227351176,-0.1395050642783181,-0.2065913802699039,-0.2655908810464959,-0.7961319747724032,-0.2337334982135839,-0.0778853346369527,0.0441180273826738,-0.1043361441667289,-0.0557948625483141,-0.0710903076585709,-0.1442764132659424,-0.0139289455452072,9.4,3.9799497484264794,10,10,7,4,16
-625,112.25512549905216,4.095346996113123,109.15871238708496,110.18370644064512,119.84956979190602,108.87837580512551,113.2052630704992,-0.2112174886815688,0.0407046325590497,-0.2769023330772624,-0.1672486869727864,-0.2230233252048492,-0.1686171868268181,-0.2202959113261278,0.0023491447790173,0.0119427963977658,-0.017877072595772,0.0123150177765637,-0.0018532083701917,0.0160026759296991,0.0031583111547875,68.53010460368374,13.087106309723213,61.72619792871308,61.783016405607526,62.67827402081406,61.768427196301914,94.69460746698212,-0.3753316674316138,0.2227735307553865,-0.2470687502308895,-0.2586487510748076,-0.338254477894097,-0.2189118924893831,-0.8137744654688919,-0.0245935879196367,0.0734373764761641,-0.0083243426327642,0.0065438870193534,-0.0712559610245782,0.0835546433768365,-0.1334861663370311,90.41527001899586,19.55456230615683,120.88726164165296,93.69797559370076,79.40795848244115,96.256446068747,61.82670830843742,-0.3194569742470457,0.2017415291365909,-0.1377943837851808,-0.1959013217373898,-0.289473859887374,-0.708588649306381,-0.2655266565189026,-0.0255329992034443,0.0492251711267272,-0.0110479638862766,0.0297187886429591,-0.056280116324942,0.014753111526564,-0.1048088159755264,15.2,5.635601121442148,19,17,12,22,6
-600,109.79102734285244,4.6503671065804815,102.50592350679284,107.8641061221852,116.4642998863669,112.39992016063016,109.720887038287,-0.1766137895864599,0.022122724729492,-0.1901177451891057,-0.1355649011976578,-0.1836893954697777,-0.1995004454079796,-0.1741964606677784,0.0031160821904332,0.0106295602816023,-0.0019071530724485,0.0196868996981613,0.0095078304921009,-0.011481577261036,-0.0002255889046115,68.85307270518521,13.7770516306345,61.762297898008114,62.02412586881403,61.89951913398609,62.173585757874605,96.4058348672432,-0.3634405548112434,0.1730354211000881,-0.2513515719196252,-0.2864852516274703,-0.2742327368050291,-0.2969576643224348,-0.7081755493816576,-0.0549230337229745,0.055701288375922,-0.1092003386655593,-0.0798459332089119,0.0187735029806693,-0.1091785072068185,0.0048361074857479,89.66077063711067,19.560463369984383,120.78185744034616,93.54253835845412,78.24186542577911,94.00843263927258,61.72915932170132,-0.3363944739626164,0.2714131524663489,-0.138704122158519,-0.2178265891577068,-0.2317445853300262,-0.8752174251957944,-0.2184796479710361,-0.0566545373283779,0.0855310497913009,-0.1456523112821997,-0.0724525301116763,0.0005598724607823,-0.1424132554644817,0.0766855377556854,11.2,7.0823724838503095,4,9,18,4,21
-575,109.7649204747817,4.827962350933356,101.17538530686322,108.1914134754854,115.10396782370177,112.45002412235036,111.90381164550782,-0.1810812949433046,0.0172395650158268,-0.1743022326160879,-0.1533838643747217,-0.1810300851569456,-0.2045429650474997,-0.192147327521268,-0.003206685042019,0.0128273765542579,-0.01663809575916,0.0188519182096249,0.0002854492354398,-0.0151861935497864,-0.0033465033462134,68.63586345806456,13.23265937801744,62.06562964121501,61.7381596481591,62.25913205063134,62.01731025963499,95.0990856906824,-0.3626471611491421,0.2126677121447204,-0.195746171892735,-0.2469273115459241,-0.3070441860901682,-0.2821579962445978,-0.7813601399722853,-0.0198355169492986,0.1347062703749383,0.2486200986773167,-0.0727998176487489,-0.1013586135446339,-0.0976710002583435,-0.0759682519720834,90.50085019897998,20.51589643177979,123.88794915717943,93.81830725753515,78.81204277172424,94.26079806946872,61.725153738992255,-0.3379903224476596,0.2580923511080446,-0.1376652226113436,-0.1902820708458883,-0.2656415157150804,-0.8461037957877443,-0.2502590072782416,-0.0060372016106715,0.1480566736008663,0.2823559280092779,-0.066546869586761,-0.0882014293517721,-0.1308769492530509,-0.0269166878710517,13.8,10.225458424931372,33,10,5,6,15
-550,110.86905866286334,4.24769312295266,103.40576196558337,112.71516153672162,114.39670607622932,109.04344926721907,114.7842144685633,-0.194224953511182,0.022437157232231,-0.2048905740765964,-0.2009776073343613,-0.1665402216069838,-0.171621637133991,-0.2270947274039773,-0.0039129138892167,0.0107409725539975,-0.0175143393086995,-0.0090268216291031,0.0138752199336201,0.0014925516721525,-0.0083911801140536,68.40020018125836,12.904464923028293,61.97948977821752,61.74256793239661,62.32124845605148,61.75198896307694,94.20570577654922,-0.3723333712209735,0.2465929462629323,-0.200337807337443,-0.2519627129822446,-0.3128433394850346,-0.23638944040265,-0.8601335558974952,0.0092170925377949,0.1035454545487961,0.1789583114890806,0.0491217188332883,0.0110243604959625,-0.0759623302228487,-0.1170565979065079,90.73405204572175,20.33822677505788,123.4868610114382,93.73061687067936,78.91275492885657,95.51026391146476,62.02976350616991,-0.3281326095263163,0.2177942016150052,-0.1368446486038074,-0.1943478647031282,-0.2710860277477063,-0.7498654440829629,-0.2885190624939768,0.0124076030278382,0.1136842159638668,0.2019980140765638,0.0687748738339889,-0.0114595597863131,-0.1101912453754298,-0.0870840676096186,16.2,7.0823724838503095,27,20,17,9,8
-525,110.30773750753964,4.463913287474619,102.52949970469756,111.01690447190228,116.17050830616672,109.58253389246325,112.2392411624684,-0.1874622530095717,0.0135715929459921,-0.1979415739283842,-0.1858219381640939,-0.1794225608601289,-0.1677820647464079,-0.2063431273488437,0.0010246280271231,0.0095391974307207,0.008866628149853,-0.0053737635717398,-0.0118320330552866,0.0145453221633729,-0.0010830135505838,68.76906181134675,13.643245245987767,61.840276751601905,61.70632857607122,62.5286819223772,61.721193614758946,96.04882819192451,-0.3472752328504596,0.1932454071199397,-0.2091711675911619,-0.2363923578931574,-0.3279265520865457,-0.2375426355161164,-0.7253434511653164,0.017593664286266,0.057586948817897,0.0589750033492843,-0.0076222072698568,-0.0508138799361819,0.1077022739898478,-0.0202728687017633,90.61552455969024,20.178358535972865,122.78898797955428,93.97043388768246,79.20549044692726,95.41470025715076,61.69801022713644,-0.3160172841005159,0.2235166142327067,-0.1357032897179587,-0.1819567032027662,-0.2848736560135557,-0.7520743807156881,-0.2254783908526102,0.0146502497066792,0.040818873688236,0.0626836786446929,-0.005808667586136,-0.0536552788628461,0.0276005187749928,0.0424309975626927,18.4,3.929376540877701,21,16,12,23,20
-500,110.75367431191836,4.82037434455481,101.83997138528262,111.7167682872099,116.18696513456456,113.25918938131892,110.76547737121582,-0.1964267700559952,0.0235333910477721,-0.1739104418193592,-0.1942467430058647,-0.1841706896529478,-0.2415901773116167,-0.1882157984901877,0.002401156120057,0.0048560217104573,0.0111116339699091,0.003945324621985,3.691669416559093e-05,-0.0003338893498841,-0.0027542053358903,68.50513378946405,13.291014481757577,61.86235876250685,61.778141456737856,62.06211431402909,61.73683556339197,95.08621885065446,-0.3649714323512295,0.2105793179221835,-0.2688972667643898,-0.2578263052722864,-0.2905337517721611,-0.2236925677249306,-0.7839072702223795,-0.0177035704357222,0.0785016391880489,-0.0653779712718045,0.0089784960523901,-0.0344717127164793,0.1170077047723329,-0.1146543690150505,90.03922061920166,19.471520200190945,120.26008278026916,93.67629608355072,78.51327581572951,96.00455970094914,61.74188871550978,-0.3124485551265248,0.2078412931398455,-0.1412778088920994,-0.1990755942829868,-0.250399346937213,-0.7201844872089854,-0.2513055383113393,-0.0371335344050046,0.0544929674275236,-0.1064475080316984,0.010545306064989,-0.0360821153020911,0.0346268861423851,-0.0883102408986081,14.8,7.025667228100119,11,18,14,26,5
-475,111.87230924269734,4.508270737655821,103.8361151975744,111.32408563950484,117.56094860750086,113.62693737254423,113.01345939636232,-0.204804833426195,0.0111288547114986,-0.2131246016306035,-0.1865729384562548,-0.1990383484784294,-0.2071000109700595,-0.2181882675956277,-0.0076397047715727,0.0047942703282797,-0.010900476349771,-0.0085570417604792,-0.0037904898841481,-0.0008201673729619,-0.0141303484905031,68.6721864499544,12.970032927586656,61.76936054229736,61.72063295464767,63.32237825895611,61.96301403380277,94.58554646006802,-0.3803335003685533,0.2283263406568949,-0.2542177532848559,-0.2447646960877535,-0.3788391445812426,-0.2022887301026729,-0.8215571777862415,-0.032788339440237,0.0650060080555583,-0.0749247629938875,-0.001560555846561,-0.0906078359438923,0.08117905853259,-0.078027600949434,90.77602586578904,19.482105391156953,120.70256828843502,93.67031470516272,80.19143332096569,97.46982032374332,61.84599269063849,-0.3221658715030603,0.1837468071474975,-0.1498938694334866,-0.1926909873360081,-0.3310225532765974,-0.6678624236792848,-0.2693595237899245,-0.0444330497688752,0.0479503726958022,-0.1178901658736561,-0.0008622187990368,-0.0722070509208399,0.0141298744685563,-0.0453356877193998,13.4,6.829348431585549,9,17,4,24,13
-450,111.1368435713824,2.598240006907181,107.34231161229752,111.55835762023926,115.46339533188764,110.61293193592743,110.7072213565602,-0.1916344773068147,0.0260299566283985,-0.2421340598779566,-0.1885225366143619,-0.1685706450658686,-0.1797342787770664,-0.1792108661988202,-0.0056711105337051,0.0036466458110143,-0.001560701127164,-0.0077951585795209,-0.0015726347717538,-0.0109240672409,-0.0065029909491867,68.73264127697861,13.257922871264412,61.91290791829427,61.95146773154275,62.805103603162266,61.75539200766045,95.23833512423332,-0.3791648007275765,0.2007006347070801,-0.2749762451439573,-0.2793186902999878,-0.3466202020645141,-0.2221952844084355,-0.7727135817209879,-0.0760696720121542,0.0106434872046453,-0.0728736646399882,-0.0612045643941025,-0.0941640639191558,-0.0740749486722052,-0.0780311184353195,90.18981007358484,19.3280837547266,120.13260490015934,93.38391317401016,79.5082260265685,96.20866079497756,61.71564547220866,-0.3287260613943401,0.2010452098480931,-0.1546697574749327,-0.2215869113018638,-0.3015703381153575,-0.7195911407470703,-0.2462121593324761,-0.0777240755933075,0.0158532189258918,-0.1055322116763706,-0.0681219738336247,-0.068560935744787,-0.0847412560649804,-0.0616640006467749,9.6,3.006659275674582,12,12,4,9,11
-425,109.64055261948528,4.071671912251064,102.9369582344504,110.64648661893956,115.53020757787368,108.48719696718103,110.6019136989818,-0.1821723005350898,0.0145037747807071,-0.2096628441530115,-0.1764695868772618,-0.1818887507214265,-0.1674046249950633,-0.1754356959286858,0.0053776977193774,0.0077792703991387,-0.0073669032977811,0.0026200678894597,0.0092496759513297,0.0161894358276827,0.0061962122261962,68.83810054042883,13.075478228350738,61.70094066753722,62.39361968793367,63.093961113377624,62.029314275373494,94.97266695792214,-0.3995641499234919,0.2004753556588404,-0.2365142002440335,-0.3177331079516494,-0.3651795272241559,-0.2867159759789182,-0.7916779382187024,-0.0661351293929966,0.0320298236133447,-0.0060658362038482,-0.0937794049254112,-0.0746547264095984,-0.0639686338529971,-0.0922070455731284,90.10898239738064,19.542025149742965,121.31678802088688,93.35107254563717,79.8939204299659,94.22431601139536,61.75881497901783,-0.3662066771273028,0.2514700350179597,-0.146509940164131,-0.2541645828046296,-0.3185412758275082,-0.8568407035710519,-0.2549768832691929,-0.0684554664065919,0.0316435522251593,-0.0226317093005044,-0.1116587931878472,-0.0445652923019799,-0.0740269761172704,-0.0893945611253576,9.8,5.344155686354955,19,4,10,11,5
-400,110.304227030137,4.2271825459948635,102.80254711824306,110.4349385429831,115.91389357622931,111.31453812543084,111.05521778779872,-0.1900135734502007,0.0081428603204215,-0.1961852869566749,-0.1817531732951893,-0.1813794602366054,-0.20220027495833,-0.1885496718042037,-0.0044905301435467,0.007242798053472,-0.0045837691605008,0.0029888179358642,0.003996954039287,-0.0103879141059758,-0.014466739426408,68.70841111300284,13.523649555159665,61.703213474206756,61.70566384834156,62.65518503021776,61.73212466323585,95.7458685490123,-0.3549294247961881,0.1968850401497431,-0.2347974107976545,-0.2401113855211358,-0.3369854636359633,-0.2226255525622451,-0.7401273114639416,0.0004357568343709,0.0260368958809113,-0.0264174546229473,0.0168345559290365,-0.0344206520331729,0.0142007327348549,0.0319816021640834,90.45231400874624,19.764285297562193,121.39460138689007,93.73503397222152,79.30561420373749,96.15236573470266,61.67395474617941,-0.3160450010968927,0.2079662497382543,-0.1462902980938292,-0.1888545667916013,-0.2927416939484445,-0.7205389863566348,-0.2317994602939538,0.008176539961367,0.0413911514854607,-0.0475903535363868,0.0225198036549907,-0.0013772049886092,-0.010265633521046,0.0775960881978869,19.8,2.7129319932501073,18,21,16,20,24
-375,109.57236992331111,3.792096173089056,103.635529237635,109.55028486812816,115.53874341179343,108.84209202037138,110.29520007862764,-0.1851189346874461,0.0146820240005323,-0.2120759364436654,-0.1735068724435918,-0.1869277400128981,-0.1708022036973167,-0.1822819208397584,0.0078570105089901,0.008906465136663,0.0023537097731605,0.0192455642036614,-0.0038983989849357,0.0171647299348157,0.004419447618249,68.5463540930497,13.273544976591264,61.92219568553724,61.89248518358197,62.095687447932725,61.72897825743023,95.09242389076634,-0.3727884648139016,0.2032708841888699,-0.2757074519207603,-0.2729024155098095,-0.2933155277319121,-0.2439243657547131,-0.7780925631523132,-0.0601942340491452,0.0273256605048632,-0.0856897579832819,-0.0505413659559787,-0.0781044389188632,-0.0757203943732683,-0.0109152130143341,89.77229972973205,19.38779529447533,120.14446706939162,93.27828484250789,78.45496033785636,95.25636810168884,61.727418297215515,-0.3283332626024882,0.2227097704131415,-0.1595068333441751,-0.2239258540304083,-0.2406680479384305,-0.769345339975859,-0.248220237723568,-0.0550014883957868,0.0415343739896736,-0.1217200430110097,-0.060135551487308,-0.0290999301390624,-0.0668193224588768,0.0027674051173227,11.0,4.8166378315169185,6,14,8,8,19
-350,111.3716985949348,4.270907324736249,104.00120782291188,112.90415422776168,117.11470316718606,112.29787065842572,110.54055709838867,-0.2021237338991726,0.0139739647645523,-0.2190133810043334,-0.2175310864168055,-0.1897961251875933,-0.1992928326129913,-0.1849852442741394,-0.0009861673472572,0.0100478256243909,-0.015670819090241,-0.0092053257531541,0.0014645260686794,0.0074474120856714,0.011033369952758,68.50415092936734,12.937754860407289,61.75606747677452,61.71170139312744,62.917173519469145,61.77207292590225,94.36373933156332,-0.3862393833043283,0.2292640089329211,-0.252074448685897,-0.2328282218230398,-0.3541982288946185,-0.2552125861770228,-0.8368834309410631,-0.063799120061173,0.0077605279373715,-0.0709725950421814,-0.0488534850035712,-0.0646880876187137,-0.0681943372647653,-0.0662870953766335,90.19919905411572,19.393459146330233,120.7880295870597,93.73458541067023,79.6335766106321,94.90049214948688,61.939311512729574,-0.3416773266959609,0.2315967384445817,-0.1536282405518649,-0.1888949996546695,-0.2956907581864741,-0.7925270952676472,-0.2776455398191485,-0.0594384586234299,0.0317590177250149,-0.0963931434967538,-0.0563282363909182,-0.0056780768934179,-0.0523765289567803,-0.0864163073792792,10.8,3.249615361854384,11,15,12,11,5
-325,110.03512946184944,1.7875077533108086,107.11681004692528,110.76539939431584,112.19051724602194,108.98379754459155,111.11912307739256,-0.1873837825130014,0.0401096786727582,-0.2550409092622644,-0.1803713658276726,-0.1309736244818743,-0.1746316773049971,-0.1959013356881983,0.0013375595443101,0.0097253320318629,-0.0011306698694277,-0.0090512856375426,0.018759282583179,0.0037963171427905,-0.0056858464974485,68.32725392057185,12.987461221185322,61.92798289918063,61.728281355740734,61.948046600609494,61.730455917224546,94.30150283010384,-0.3734372440137362,0.2353208564320568,-0.2763019402821858,-0.2448333334504512,-0.2796433871252495,-0.2241266735813074,-0.8422808856294867,-0.0479051228497267,0.0294693950509896,-0.089135437354184,-0.0611697405764604,0.0014496414366652,-0.0423995759864051,-0.0482705017682491,89.98046870315282,19.40151978841243,120.13147672017416,93.54006481170654,78.21456276743035,96.05393155415852,61.96230766229462,-0.318790590763092,0.2075154142958245,-0.159657967718024,-0.1992922519382677,-0.2282528887715256,-0.7262766549461767,-0.2804731904414662,-0.0440884761649118,0.0573438253273965,-0.1159673132280116,-0.0625019173766894,0.0551424573079617,-0.0256534205063393,-0.0714621870214805,11.0,5.366563145999495,2,12,18,14,9
-300,110.72768568151136,5.120808664906196,102.43357615751378,109.28976880241842,118.20319828706629,112.81101671106676,110.9008684494916,-0.1944327247844022,0.0144345152998982,-0.2047898727304795,-0.1710417758016025,-0.1986136597745559,-0.211718051924425,-0.1860002636909485,0.0017970362433698,0.0094446344000924,0.0024569925927447,0.0100372864217634,-0.0162107511714566,0.0039101395923781,0.0087915137814193,68.55774283158152,12.983786114769568,61.70620700769257,62.18188131901256,62.06891441345215,62.309510950456584,94.52220046729371,-0.3662835585443597,0.2316236633268436,-0.2244974176088968,-0.3016356710802045,-0.2911380257522851,-0.1918951576216179,-0.8222515206587943,-0.0064095184741171,0.0482900845162323,0.056420295667761,-0.0282712353162647,-0.0604444701718437,0.0461075675485884,-0.0458597500988265,90.7914610344067,20.1115621035577,121.8733004519814,93.19549724511933,78.41018134669254,98.60375464589973,61.87457148234049,-0.3096429739082068,0.1710815153073333,-0.1486567112437465,-0.249250266635627,-0.2386210926792077,-0.641568104426066,-0.2701186945563869,0.000257445967413,0.0478816480199282,0.0380512680735831,-0.0232727856604022,0.0109345161993252,0.0550782672913843,-0.0795040360668249,16.2,8.133879763065101,25,16,11,25,4
-275,110.94932747784785,3.7387834933938335,104.49515416762408,112.72225599849924,115.30827320323272,112.84836872325224,109.37258529663086,-0.1936231734472162,0.0220230810208748,-0.2208249993184033,-0.1965180162121267,-0.1772141067420735,-0.212409709481632,-0.1611490354818456,-0.0072473697669893,0.0048973113604142,-0.0042776671388898,-0.0087137027073528,-0.0143230486049453,-0.0091173123323053,0.0001948819485465,68.56952086666175,13.308891563759842,61.862195901703416,61.887226974755,62.01622273629171,61.89486828184965,95.18709043870892,-0.3771991031211719,0.1987351075340856,-0.2687050898869832,-0.2757514066863478,-0.2894521198774639,-0.2776417418530112,-0.7744451573020533,-0.0467591330398838,0.0204302854991492,-0.0715377767153672,-0.0258471222038854,-0.0613089530124214,-0.0556397059301257,-0.0194621073376191,89.57005013583,19.3458797939476,120.09871626736825,93.2777205182795,78.3057046522174,94.43684313590066,61.73126610538416,-0.3384040318037334,0.2470720906492105,-0.1610490397403114,-0.2227909104865894,-0.2331114055817587,-0.8290901916068897,-0.2459786116031178,-0.0337975140254568,0.0372725357859092,-0.0944338712316382,-0.0124214090848047,0.0125291154744397,-0.0194228761768164,-0.0552385291084647,9.6,3.6110940170535577,5,16,8,10,9
-250,109.4446793948903,4.245683095941803,101.65423572764678,110.4364080765668,114.28016925138586,109.1721990921918,111.68038482666016,-0.1820460391044616,0.0169095950068616,-0.1722365905256832,-0.1901779409717111,-0.1594165980815887,-0.1790368735790252,-0.2093621923643,0.0010517512935706,0.0045193994708944,0.0024174392764347,-0.0020190661896348,0.0087708707409226,0.0006100040295517,-0.0045204913894207,68.52432990157813,13.061229564098424,61.7148347821152,61.76022686874657,62.41518343540661,62.08950199997216,94.64190242165012,-0.3556366426902905,0.2326396322629584,-0.2178241798752232,-0.2237787330359743,-0.3243128981506615,-0.1995824795020254,-0.8126849228875679,0.0333364106479852,0.0682665699753731,0.1565183485662074,-0.0350601358192139,-0.0129727165770243,0.0542904071779431,0.0039061498920139,90.9300966731289,20.064871960741275,121.96885748076858,94.01316992441814,78.92465574699536,97.91888581660756,61.82491439685487,-0.3034361477483783,0.183611221363894,-0.1504718577652646,-0.1784042841509769,-0.2643880844116211,-0.6591270837867469,-0.2647894286272818,0.0445162005191505,0.0619394427723964,0.1401926274002905,-0.0237264967311108,0.0559458478656188,0.0724427773731581,-0.0222737533122039,18.6,8.114185110040317,33,11,14,22,13
-225,110.4302169081744,4.084978699870424,103.27851795869717,111.88238220214843,115.8394636041978,111.2377763860366,109.91294438979205,-0.193606013059616,0.0076450683664178,-0.2036655962467193,-0.1935242004254285,-0.1857854545116424,-0.2005131921347449,-0.1845416219795451,-0.0047083665557917,0.00542896439305,-0.00921204694682,0.0054117536309229,-0.0035172384257106,-0.0079146340729066,-0.0083096669644446,68.63463074198941,13.25741098222193,62.020947874638075,61.8165995949193,62.479962499518145,61.71143389584725,95.14420984502424,-0.3804975785707173,0.1997725802545728,-0.2869533948731004,-0.2670537024213557,-0.3291814661862557,-0.2432556654277601,-0.7760436639451144,0.0006290704775765,0.0352656656466323,-0.0285701055565783,0.0243506078350994,-0.0125344054724432,-0.0372521199281899,0.0571513755099945,89.82411113872863,19.188874064023764,119.67404248421651,93.32540225982666,79.01738153424179,95.38745965455708,61.71626976080108,-0.3315391138980262,0.2174689587522455,-0.1662184209154363,-0.2152593721423232,-0.2687181914061831,-0.7609970726464924,-0.2465025123796965,0.0138393572201797,0.039234406858973,-0.0515382332531245,0.0446879462575899,0.0507296069393449,-0.0108694452945584,0.0361869114516466,11.8,4.534313619501853,8,17,11,6,17
-200,465.0080434731876,708.5732052821544,1882.1497900794536,111.63142318725586,113.45899772644044,109.7849328209372,108.01507355185116,-4.701291692186805,9.060939059235874,-22.82313168890336,-0.1938680498039021,-0.1526415305979111,-0.1890700834638932,-0.1477471081649556,0.0083687422120163,0.0038326180389021,0.003613054755089,0.0079964602585224,0.0086948866363587,0.0063506889699698,0.0151886204401414,68.66093731930381,13.133616408080629,61.7840897744162,61.72818946838379,63.187399077833746,61.70090583332798,94.90410244255736,-0.3825269377022459,0.2111149131080478,-0.2576548488516557,-0.248481761990932,-0.3762549747500503,-0.2375567984162715,-0.7926863045023199,-0.003598971429624,0.025936333024054,-0.035066497945145,0.0125067200871151,-0.0289205178218125,-0.0012172202808423,0.0347026588125644,90.24814328310782,19.313727616194985,120.39234626502322,93.52194123519094,79.97631233616879,95.5914193370886,61.75869724206757,-0.3343513783655668,0.2137011303209685,-0.1581337681987829,-0.1992810107114022,-0.3104470361743057,-0.749228605052881,-0.2546664716904623,0.0086495850630423,0.0329286760583193,-0.0548602766765837,0.0341724673390241,0.0309298043981758,0.0241452536071863,0.008860676647409,7.8,4.534313619501853,1,13,4,10,11
-175,110.97451916414148,3.752134672657725,103.77772048501409,112.54022174162024,114.70725308586567,111.46980312571806,112.37759738248936,-0.1938578015215256,0.0141502780449139,-0.2061499588629778,-0.1991486198761884,-0.1676741694702821,-0.1911049842834472,-0.2052112751147326,-0.003798797642658,0.0078908582602992,-0.0076111975064336,-0.0170328766463653,0.0050804594672038,0.002459671643138,-0.0018900451708331,68.51886091734234,13.415231600772255,61.73109963065699,62.07763671875,61.72715307536878,61.710501536988374,95.34791362494754,-0.362050257649338,0.2014203594656691,-0.2499847558506748,-0.2965516019285771,-0.2553274077281617,-0.2451544424943756,-0.7632330802449009,0.0616499410999383,0.0677965628546411,0.0141591823316718,0.0263586806362135,0.1753255494527126,-0.0089406363478159,0.1013469294269095,89.74514573080498,19.67497576402534,120.7674604717054,93.1842783877724,77.76773091366417,95.3121654778196,61.69409340306332,-0.3216753744242484,0.2239003764108129,-0.1572752459007397,-0.2433291788686785,-0.2024510419159604,-0.7651159794707048,-0.2402054259651585,0.0701852509106525,0.0675833924111466,0.0051206005206168,0.0585728432133532,0.1958142606982667,0.0184281183929558,0.0729904317280702,14.6,6.280127387243033,11,12,25,7,18
-150,110.52603490492876,3.1748245921411686,105.1924586800968,112.5965976041906,114.66770479538862,109.83786668216482,110.33554676280302,-0.1917990882256451,0.0168507316503049,-0.2215707863078397,-0.1964038186213549,-0.1734156128238229,-0.1789891516461091,-0.188616071729099,0.0014151988324524,0.0068124465924712,-0.0058038139417904,-0.0059743799241807,0.0060313858804875,0.0012107344481217,0.0116120676996241,68.67370873501427,13.832545891013018,61.70120150582832,61.749066051683926,61.76575222350004,61.81381707442434,96.3387068196347,-0.3482503422519616,0.1820535107054134,-0.2376251597153513,-0.2629864351791248,-0.2610146905246533,-0.2678671447854293,-0.7117582810552496,0.1369016091612968,0.08991627970717,0.0702923296750604,0.2233426023536084,0.1300450203156,0.0112824899945081,0.249545603467707,89.73735349554764,19.7761496119478,121.2160074669018,93.28339155096756,77.85114020632024,94.64573167499744,61.690496578551176,-0.320559825604422,0.2461356237820395,-0.1545389001829582,-0.213923294293253,-0.2075882836392051,-0.8107478252628393,-0.2160008246438545,0.1494496088862019,0.0901311683518836,0.0669595344526194,0.2572479833166621,0.158367523992957,0.0285873097171516,0.2360856929516191,20.4,10.403845442911962,14,29,18,6,35
-125,110.9665894272748,3.981830896703068,103.3511806712431,112.01650033838608,115.12124820036048,112.09831713508156,112.24570079130284,-0.1983551354969249,0.0141420128195611,-0.2077153633622562,-0.2025643341681536,-0.1703076495843775,-0.204332649006563,-0.206855681363274,-0.0056874895863609,0.0079648357587455,-0.0084902435253538,-0.0008834675571372,-0.0086689720450736,0.0065688688756541,-0.0169636336798944,68.34209214929949,12.93697759530128,61.706390046236805,62.286442137601085,61.81326411063211,61.69195084822805,94.2124136037994,-0.3821986114769651,0.2361180633187634,-0.242476273001286,-0.3144021180638096,-0.2716260311896341,-0.2315487945288942,-0.8509398406012016,0.0904466002928338,0.0737196723184705,0.0664674094857713,0.0150131369009613,0.2298037467295663,0.0890424174763131,0.0519062908715568,89.9971694678591,19.6745734353094,121.0226100787782,93.1829988580001,77.98241103322883,95.81074005260804,61.98708731668037,-0.3306309984441389,0.2078261138996417,-0.1555208877513283,-0.2590272593916508,-0.2172942642579999,-0.7370457722429644,-0.2842668085767512,0.0961264745185249,0.0752462249821759,0.0643006893806159,0.038070945130465,0.2377675192700208,0.1057777674460228,0.0347154513655001,10.8,7.138627319029899,10,2,23,13,6
-100,109.90550473830278,4.786957628377345,101.83549501755658,108.6856207006118,114.94083835377413,114.63628409890568,109.4292855206658,-0.1814107573032379,0.0268778615263529,-0.1695221837829141,-0.1627325145637287,-0.1694227386923397,-0.2348806637174943,-0.1704956857597126,-0.0058452295137035,0.0040480615883699,0.0006556158397442,-0.0074652263456407,-0.0038380488397224,-0.0114453268689377,-0.0071331613539608,68.61028592962967,13.81303002607047,61.67766264865273,61.77956554345917,61.70629748963473,61.65169039943762,96.23621356696414,-0.3445211575742354,0.1871784677652573,-0.2421166551740546,-0.2647915963540997,-0.2586034557275605,-0.2387266044031109,-0.718367476212351,0.200681053611793,0.0529414695389917,0.1930929813534021,0.1744492490236696,0.2926981210904686,0.2110014408173268,0.1321634757740978,89.84778893454033,19.74313332950353,120.97950413352564,93.29773272129528,77.77509659215023,95.45738096404494,61.72923026168556,-0.3098969553646288,0.2230802706424943,-0.1551584779170521,-0.2154592746182491,-0.2054583074753744,-0.7536616743656627,-0.2197470424468057,0.2081138573131491,0.0569674292885973,0.1946618753513974,0.2117517793698138,0.2919106149939787,0.2271297995589281,0.1151152172916274,18.2,5.2687759489277965,17,15,26,22,11
-75,109.84161934347716,4.834792304131043,101.38066327712116,108.88776200238397,116.10688279095818,111.70371226142434,111.12907638549804,-0.1871095916102914,0.0154560271385235,-0.1763190430753371,-0.1651587808833402,-0.1861350620494169,-0.2003042343784781,-0.2076308376648847,0.0028262635580048,0.0066650209500011,0.0058235160164579,0.0146077232099795,-0.0021913292581516,-0.0029232739029205,-0.0011853182753411,68.27722224185342,12.943750037097004,61.813407730637934,61.737721710874325,61.862672320583414,61.807709660446434,94.16459978672496,-0.3847797611303497,0.2338929364853954,-0.2666856050491333,-0.2564977396998489,-0.2779325644175212,-0.2704212414590936,-0.8523616550261515,0.1619816693526349,0.0658588491695147,0.0508956917022403,0.1555828262741367,0.2507365958667115,0.1538104227368246,0.1988828101832615,89.632638747232,19.355224644455117,120.25776183814334,93.27032269929585,78.1293900473076,94.54195435841878,61.963764792994446,-0.3384691993395487,0.2421852386399452,-0.1634821797672071,-0.2081500166340878,-0.2196382597873085,-0.8166185408307794,-0.2844569996783608,0.1714109205924742,0.0640317846704094,0.0595252969579999,0.1906864424807983,0.2584043062310421,0.1705596457774701,0.1778789115150606,12.2,5.635601121442148,2,12,19,13,15
-50,110.06871719360352,3.934136154159991,103.19456118415384,111.15619037852568,115.1216578315286,111.69040296217976,109.1807736116297,-0.1835971801421221,0.0154576697516763,-0.2050296871101155,-0.1813724552883821,-0.1698951514328227,-0.1970845892148859,-0.1646040176644044,-0.0014412208141156,0.0095599421569607,0.0131503660978256,-0.0040322597713812,-0.0053142666104523,-0.0152339479269678,0.0042240041403976,68.54906827357777,13.506172811087092,62.01826363279108,61.66338629471628,61.7035556425128,61.79984064269484,95.56029515517385,-0.3617378519292463,0.1930768320586955,-0.2916706455381293,-0.2465110379352904,-0.2554935091420224,-0.2683193307173879,-0.7466947363134016,0.2337910327406828,0.1005235031134465,0.1012311627794253,0.2998586408140367,0.2905468068886221,0.1261443710771569,0.3511741821441734,89.40358561130992,19.314943318616073,119.66955020971466,93.33037627370734,77.79997718543338,94.60307738655492,61.61494700113932,-0.3226522939246997,0.2455274536173408,-0.171266494090097,-0.1993200360682972,-0.1993531333772759,-0.8122453229469165,-0.2310764831409119,0.2429984209813961,0.0957004516668223,0.1172270650379033,0.3426522680541925,0.2931201411901336,0.1381435525203287,0.3238490781044228,15.0,6.752777206453653,6,20,18,8,23
-25,468.4778173199822,719.0783794613749,102.3188025081859,1906.609965313182,115.34503279293284,107.717327746223,110.39795823938708,-4.270555615495233,8.187760819008567,-0.188401311635971,-20.646064896793927,-0.164219539305743,-0.1667275235933416,-0.1873648061471826,0.0033931951941785,0.0154652504876039,0.0027359237264403,-0.0211022046127575,-0.0029045263976406,0.0135871918135843,0.0246495914412662,68.78513191624691,13.249391584928976,61.67581683711002,62.14977916918303,62.5389855033473,62.283100630107675,95.27797744148656,-0.3667914599703069,0.2052188345096815,-0.2401117295549626,-0.3035797905503657,-0.3364331837286028,-0.1893803906022456,-0.7644522054153576,0.2544269302941597,0.1055097193924309,0.2185363508107369,0.0813912887436648,0.275786328799369,0.4047132491281158,0.2917074339889121,90.74301402777957,19.84276447954717,121.06267601147032,93.068630887751,79.17430282057377,98.75250883269727,61.656951586405434,-0.3104844260634037,0.1668528482450288,-0.1561372238293028,-0.2495394401382981,-0.2718225717544555,-0.6348455245034736,-0.2400773700914885,0.2672100411772956,0.1078762623875688,0.2463235408557873,0.1041265772226707,0.2847979948284072,0.4426050458038062,0.2581970471758069,14.8,9.282241108697834,12,1,15,30,16
0,109.97011979046988,2.7403854052017595,105.24905236188104,110.89941415225758,113.75871359881232,109.82500040390912,110.11841843548945,-0.1840583445044124,0.0212079130814859,-0.2195202760836657,-0.1815590911051806,-0.1542010948938482,-0.1758420789943021,-0.1891691814450656,0.0052872950385447,0.0149982216863142,-0.0227785759343532,0.011275197208092,0.0221480249957975,0.0066131094063166,0.0091787195168709,68.44149510567648,12.893653610885142,61.70933753565738,61.91655921936035,62.47438787159167,61.8835078122323,94.22368308954071,-0.3978130710752386,0.226573713544687,-0.2487916454934237,-0.2821805163433677,-0.3313694993654887,-0.2788689450213784,-0.8478547491525349,0.1675156897158574,0.0469139961107331,0.1457003400673305,0.177735329572961,0.2544047560771568,0.1253963158580295,0.1343417070038093,89.85436702192877,19.394992152903686,120.77138780292712,93.09132224635074,79.08219334117153,94.36677546250192,61.96015625669245,-0.3542399009068807,0.242852234291693,-0.1583827451655739,-0.2306307679728458,-0.2673395736175671,-0.8323124730796144,-0.2825339446988022,0.1814086120943293,0.0518061438824522,0.1739961789071298,0.2139524193644,0.2613875404237197,0.1427210913480896,0.1149858304283075,6.6,3.2,6,8,12,4,3
25,111.07353607626524,4.275208754131519,104.2227829652674,111.16394541123334,113.83251445994658,116.87083787357106,109.27759967130773,-0.1977665293917936,0.0382184033587419,-0.2165188224876628,-0.1828664548256818,-0.1506234589745016,-0.2616615295410156,-0.1771623811301063,0.0042102797437513,0.0096625775071778,0.0008735159120988,-0.0009887433861355,0.0133163570823586,-0.0092198250488282,0.0170700941592632,68.69210678569058,13.331913920730331,61.656339678848,61.72311088495087,63.13192591750831,61.617509055555914,95.33164839158978,-0.3700224115137468,0.1994493630410347,-0.2409761882664864,-0.2542569323589927,-0.3739973348483704,-0.2260275911866572,-0.7548540109082272,0.3031172867668302,0.1281607346302394,0.3034650434192531,0.1857318122740508,0.1446382455188748,0.3895139579861343,0.4922373746358381,90.32605136402869,19.559999866555405,120.97819776702346,93.20382958127742,79.99577512239155,95.89168431466086,61.56077003479004,-0.3263995015830324,0.2066932627173123,-0.1584511754805581,-0.2062592014931795,-0.3043930080899021,-0.7288398815874468,-0.2340542412640755,0.3191703188376044,0.1152209607973336,0.3419476983202785,0.2215651509008909,0.1535828759620096,0.4421008231829068,0.436655045821936,14.6,8.357032966310472,14,7,4,23,25
50,110.38498481750489,4.193880052871613,102.9156935299144,109.98161230648265,113.31418127172134,115.22219954097972,110.4912374384263,-0.1873160293523002,0.0298830972374023,-0.1921712128555073,-0.1662843378151164,-0.1497465231839348,-0.2380983215921065,-0.1902797513148363,0.0033835248646167,0.0070015775100111,-0.0074910337276592,0.0049569414367022,0.0128135066084616,-0.0008907595039893,0.0075289695095681,68.31792949208042,13.164866528122433,61.96465719791881,61.6519337035062,61.66417943385609,61.66227718821743,94.64659993690356,-0.3464493605128506,0.2313700401689142,-0.198850343101903,-0.2355186782385173,-0.2707269087172391,-0.2203406743835984,-0.8068101981229949,0.3891696008771919,0.0696296373131535,0.4398851940375671,0.320327350346927,0.4951860525628976,0.3754596926696729,0.3149897147688949,90.53801494397617,20.540904405236653,123.41412883892394,93.41844881626598,77.89885075887044,96.20652289139598,61.752123414424425,-0.3060005622997618,0.2077187778972819,-0.1519629254675748,-0.1896054033647503,-0.212075906887389,-0.7154016567949664,-0.2609569189841287,0.4146223036106676,0.0854674961826928,0.4792752620751822,0.3821583665895128,0.5107202271097585,0.4336231973087578,0.2673344649701265,18.8,6.705221845696084,21,13,30,19,11
75,110.00355057660272,3.951666480077394,103.71271290498622,111.79294680427104,115.86496779497932,109.42550266490264,109.22162271387435,-0.1887367661560283,0.0186071843389614,-0.2229488208013422,-0.1920182922307182,-0.1815431521219365,-0.1691646014942842,-0.1780089641318601,0.0044418393904882,0.0113525852701407,0.0013346362074919,-0.0139967831943923,0.0181741165791583,0.0021977096959316,0.0144995176642516,68.57709354601408,13.299914971578582,61.75527974178917,62.23419328321491,62.07652858265659,61.645929503859136,95.1735366185506,-0.3570117467328121,0.1872819919647183,-0.2051639933335153,-0.3165842127381709,-0.3058717313565706,-0.235368015473349,-0.7220707807624549,0.3571525665849708,0.1179698182769946,0.5207857144506354,0.1554230916754979,0.3470463971035522,0.4018684576608632,0.3606391720343054,90.3194310372336,20.247683281184273,122.79590697037548,92.97864249714634,78.50262912951018,95.63833449179666,61.68164209733929,-0.3268235306990774,0.212311908761296,-0.1498885405691046,-0.2561352294788026,-0.2383815656628525,-0.744643064967373,-0.2450692528172543,0.3745685669952971,0.1272841093089069,0.5587255569959158,0.1866924995883253,0.3567783683865216,0.4603138480809304,0.3103325619247922,16.0,10.13903348450926,34,3,14,17,12
100,109.85943516675164,4.194775730278145,102.76706095302806,109.5263722812428,115.79113374597884,111.40233798307533,109.81027087043311,-0.1818409743028528,0.0092777822876126,-0.1978742399636437,-0.1795770795906291,-0.1736398486530079,-0.1855926857275121,-0.1725210175794713,-0.0033343257075723,0.0068337777196538,-0.0095041267589241,0.0040953358469243,-0.0087044683851726,0.005895445391926,-0.0084538146326154,68.27669685430695,13.061932560251671,61.67334519771107,61.65017723618893,61.860554109539905,61.79931162114729,94.40009610694752,-0.3567969451870835,0.2079533306083712,-0.2418849719198126,-0.2112650829449034,-0.2883250159129761,-0.2732049749608625,-0.7693046801968625,0.4010971589667494,0.0864215676194847,0.3051501051604486,0.5130111503235081,0.4422413901540271,0.2941541789393675,0.4509289702563955,89.89065179657518,19.700566862552,121.13362854405452,93.84955160241378,78.16792949877288,94.51731476030852,61.78483457732619,-0.3262291155363384,0.2483155204529659,-0.1575034940451906,-0.1641239032410738,-0.2228164495083323,-0.8159115607278389,-0.2707901701592562,0.4275977476189534,0.087026538117234,0.3598209167258781,0.5848100635043362,0.4557827217014212,0.3482083823989358,0.3893666537641956,17.6,7.787168933572714,11,32,19,11,15
125,110.31152516533348,4.462272579976123,103.02745727090274,112.40938570359174,116.72784850176645,109.99220450906192,109.4007298413445,-0.1848901708687053,0.0085218902315688,-0.1850907192510717,-0.1991003369583803,-0.184517365694046,-0.1722822273478788,-0.1834602050921496,-0.0043228289609953,0.0038431142327922,-0.0029509481878074,-0.0115862546221572,-0.0004076769958962,-0.0043161482757354,-0.0023531167233801,68.83825092984918,14.037434494161968,61.59956998992384,61.94625069802267,61.904133110715634,61.82920238427948,96.91209846630431,-0.3527614003733584,0.148446764279367,-0.2549279206677487,-0.2895192190220481,-0.2940951794908757,-0.2768552261486388,-0.6484094565374809,0.3847111129577745,0.1365197639687408,0.4820949202566816,0.1773986599751209,0.4520654921468935,0.2731764215583864,0.5388200708517903,89.58458411233467,19.435701895844804,120.4398175624379,93.00559686359608,78.2524369223076,94.44272722277724,61.78234199055454,-0.3297221221421894,0.2477074622031519,-0.1595664860909445,-0.2323760107943886,-0.2279300470101206,-0.8224397542183859,-0.2062983125971074,0.4045518214177144,0.1151916569865868,0.5388869622297454,0.2202224599753032,0.4657517416696799,0.3264433457597829,0.4714545974540606,15.8,7.782030583337488,23,4,21,9,22
150,110.45261405944824,3.02255782328636,105.18275153216192,111.2990218218635,113.48973660188562,113.01745722153608,109.27410311979406,-0.1952448246759527,0.0252995319822154,-0.228947334429797,-0.1888162164127125,-0.1601509550038506,-0.2186610870501574,-0.1796485304832458,3.064392837319116e-05,0.0094503883792855,-0.0037137738682384,-0.0017720661947832,0.008977758903005,-0.0147736991025072,0.0114349999043898,68.85205676430151,13.700133461003732,61.713976174070126,61.627057594165464,63.1070317720112,61.58354832833273,96.22866995292796,-0.3450226359200059,0.172530886468173,-0.2142943750348007,-0.2322790110320375,-0.379610702656863,-0.2303515934107596,-0.6685774974655687,0.4281911452909474,0.1127341189459308,0.4726486920395441,0.426591372493197,0.2186746445684612,0.4680397919330157,0.5550012254205189,90.62016079551296,19.97722766011802,122.3358036844354,93.48283185456928,79.95270427904632,95.71923376384534,61.61023039566843,-0.3177557167253996,0.215661205639667,-0.1514911620240462,-0.1823983202900803,-0.3029104669888814,-0.7370325368747377,-0.2149460974492524,0.4587053895813592,0.123280700804303,0.5412436887425812,0.5151157475550446,0.2152587064917673,0.5361511326770771,0.485757672440326,20.4,7.683749084919419,25,19,6,25,27
175,108.30428546232336,3.834398508251818,101.7234889310949,108.90740863575655,113.57271867639878,109.61664237976076,107.70116868860582,-0.1611273717880249,0.0118430945521108,-0.1720541126587811,-0.1592358838109409,-0.146574577513863,-0.1771397758932674,-0.1506325090632719,0.0033065885127528,0.0035136879546144,0.0040935052300269,-0.0035440288739183,0.0042721765975276,0.0055006219879621,0.006210667622166,68.51190267362092,13.334062002891756,61.589015107405814,61.89472026155706,62.102031791419314,61.795766830444336,95.1779793772781,-0.3558091274478979,0.1818555200373644,-0.2313019863346166,-0.2901937177306727,-0.3154193100176359,-0.228835640246408,-0.7132949829101562,0.3352040548870144,0.0874957692262658,0.4814887390586367,0.2104506301509804,0.3540554891683553,0.3065225724130869,0.3235028436440125,90.2364971863596,19.89391709179019,121.59417734648052,93.024060952036,78.524891133894,96.3253030442355,61.71405345515201,-0.3080203093980488,0.1841995549073843,-0.1524648959176582,-0.2267060426243564,-0.2397935672810203,-0.6699020841665435,-0.2512349570006655,0.3565291506303638,0.1019262181123645,0.5455777529431017,0.2536132205441071,0.3522800597558288,0.3490775956265759,0.2820971242822053,12.8,7.11055553385247,26,5,13,11,9
200,109.77240966348089,4.090072591151508,102.23667883031509,110.959858007992,112.0505179461311,109.36073769962088,114.2542558333453,-0.1802270428573384,0.0268575263504716,-0.1833811542567084,-0.1807422536260941,-0.1367994469754836,-0.1786573627415825,-0.2215549966868232,0.001340899568313,0.0128327048914616,-0.0045727650751359,-0.008033763904335,0.0261223749415127,0.0011415440630277,-0.0079528921835042,68.8549113457663,13.543459449734868,62.02700447617916,62.30061127846701,62.21617213466711,61.79120351557146,95.93956532394677,-0.3614091160004599,0.1619742688560614,-0.2088699215336849,-0.3302245181903504,-0.3249933102674651,-0.26976029705583,-0.6731975329549689,0.3292180410729263,0.0925117315431593,0.3579526413232088,0.2292469907552003,0.3236845257904446,0.2471979145724489,0.488008132923329,90.3091588037056,20.402786024577363,123.4381510082044,92.96517188088936,78.69810880694473,94.801947727538,61.642414594951425,-0.3266001442022491,0.211778945217562,-0.1525317765118783,-0.261188548907899,-0.2481064817361664,-0.743422433995364,-0.2277514798599377,0.34846827618067,0.0653070611959889,0.4237752563336439,0.2803537522528418,0.3230819784987129,0.2861356528214456,0.4289947409967058,13.2,6.11228271597445,15,7,12,8,24
225,109.34078581866098,3.383658972884682,103.08472673752728,110.79897227567784,113.2594840330236,109.4350559683407,110.12569007873536,-0.17944400527898,0.0180030652682901,-0.2095747572534224,-0.180688601732254,-0.1533379340873045,-0.1740048198138966,-0.1796139135080225,0.0086811547581729,0.0051744205818614,0.0052152305077898,0.0052740399739431,0.0188980860116905,0.0073804147253908,0.0066380025720504,68.80707822431597,13.93922324532645,61.540459749991435,62.06605042909321,61.81234115466737,61.93317098784865,96.68336879997922,-0.35441640908258,0.1480813084875405,-0.2396514729449623,-0.3083746234575907,-0.2868332528231436,-0.2901441496715211,-0.6470785465156823,0.3362343747234135,0.12345016305866,0.453397214804825,0.1780385690773919,0.3778402224640574,0.2023151174694169,0.4695807498013764,89.65617232740969,19.69299482236961,121.1600593098423,92.98079989249246,78.04594247382984,94.34396792294686,61.750092037937094,-0.3206199263271533,0.2304352462427548,-0.1537764448868601,-0.2424097573548032,-0.2148465869719522,-0.7778317959685075,-0.2142350464536432,0.3475048482875552,0.1212016179854256,0.522760895979509,0.2018945979264875,0.3713620491325855,0.2219310786591418,0.4195756197400522,16.0,10.770329614269007,31,3,17,5,24
250,110.4104464631922,3.464110113484532,106.01808673634248,110.62389474756576,116.10989878037395,107.77639225230496,111.52395979937386,-0.1877984870181364,0.0296360704194316,-0.2363519914009992,-0.1805040629471049,-0.1797746511066661,-0.145064210541108,-0.1972975190948037,0.0051003255532465,0.0037818698148266,0.0064227868439903,0.0047115070834372,0.0011885643851094,0.0115831880335463,0.0015955814201494,68.72704148208886,14.00148743322342,61.715250851815206,61.52954533225611,61.89186236732885,61.76950545060007,96.72904340844406,-0.3295409687778406,0.1604163719979035,-0.2340597154801352,-0.2392944066148055,-0.2966706386783667,-0.2309543553151582,-0.6467257278007373,0.3642394885984494,0.0568372807266588,0.2927593630207539,0.4237869653458658,0.3681492824924358,0.3072197663418033,0.4292820657913883,90.24916583947967,19.970393802810595,121.76677770781936,93.30652257015832,78.19441976045307,96.20066027055708,61.7774488884106,-0.2898712549293251,0.1938184138600946,-0.1546546210322463,-0.1823421768974839,-0.2234531871059484,-0.674430715410333,-0.2144755742006134,0.3903452714880634,0.0582976939868263,0.3577051550811647,0.5035650558900415,0.3652390023660764,0.340928683890716,0.3842884602123185,20.6,7.605261336732618,14,34,19,13,23
275,111.97751025929168,4.074876345825605,106.27674769233256,116.54831419552072,116.75257936365465,110.46109515919404,109.84881488575655,-0.2122419452667236,0.0271001671673354,-0.2463511028710533,-0.2428242175018086,-0.2013653187190785,-0.1834546814946567,-0.1872144057470209,-0.0006789815863421,0.006031754341752,-0.0019655056968879,-0.0078488723511862,0.0030183748653678,-0.0055054589335614,0.008906554184557,68.80313361318488,13.94582401929637,61.686359924182554,61.88660839147735,61.99968046891062,61.74908627961811,96.69393300173576,-0.3459521469316984,0.1525160470446015,-0.2525958011024876,-0.2885992296955041,-0.3020756861619782,-0.238985354440254,-0.6475046632582682,0.2705983342813213,0.0367426094330909,0.3276782462673605,0.229569071413655,0.2541033195233659,0.2431041344575453,0.29853689974468,89.98137525257312,19.648384801248152,120.9061404445715,92.96906978205632,78.27849712706448,95.92706233576725,61.826106573406015,-0.3037636014453152,0.1885616374335154,-0.1581327340059113,-0.2316062774574547,-0.2280247451966269,-0.6769636377953646,-0.2240906127712182,0.284420227811247,0.0569144968214179,0.3954335889011098,0.2615365430451276,0.2353772668723474,0.2554013042837348,0.2743524359539151,11.8,3.762977544445356,19,9,10,9,12
300,110.63804630503935,5.39708264636412,102.51297728594612,110.51100753335392,119.473794780058,111.17352600097657,109.51892592486212,-0.1896951716787674,0.0150752103159718,-0.1878538552452536,-0.1740951850133783,-0.2184270220644333,-0.1836610892239739,-0.1844387068467981,-0.0033471230514131,0.0070410705734057,0.0038104203947381,-0.0082433751397355,-0.0112436905462185,0.0063424039361587,-0.0074013739020087,68.82964394218043,13.792750244836414,61.75864077450936,62.14436624761213,61.84264713421202,61.988673093026144,96.4138924615425,-0.3646664847407425,0.1472771227011657,-0.2625983524740788,-0.3151417510551318,-0.2909176673805504,-0.2974014679590861,-0.6572731848348651,0.255452137982387,0.0708053318432159,0.2027856702507849,0.202114495661175,0.3574725713809593,0.1902420027344896,0.3246459498845261,89.52619892756145,19.5240428674496,120.66667904770163,92.91511385064376,78.04165897034763,94.2410690658971,61.76647370321709,-0.3285110666040788,0.2272858756115295,-0.1612693573299207,-0.2558284746973138,-0.2181040947897392,-0.7788912538896527,-0.2284621523137678,0.2618826571774358,0.0546330014814674,0.2496626607485507,0.2214371284322911,0.3490686609752868,0.1949161598806089,0.2943286758504416,11.4,7.227724399837061,7,6,24,5,15
325,108.56595037123736,3.7265715301617464,102.42602974386776,110.38793860042796,113.85162618300494,108.0053388932172,108.15881843566896,-0.1684827818590052,0.0097201136577068,-0.1849127702853258,-0.1677594966748181,-0.1582847100846907,-0.1592956514919505,-0.1721612807582406,0.0055859105023024,0.0039540548420405,0.0061743044390288,0.0019578389488314,0.0015299139999757,0.00573976504726,0.0125277300764162,68.79480078847784,14.128476773800184,61.6957056145919,61.726587529768025,61.7847384737249,61.71528026513886,97.05169205916556,-0.3267083793355708,0.1551464346510631,-0.2458104397121228,-0.2270287338056062,-0.2827232772843879,-0.2431292073768481,-0.6348502384988886,0.3135356307511724,0.0249588181235318,0.2924263512781053,0.3307506790417328,0.3434069827035592,0.2766404774064492,0.3244536633260156,90.09034735027112,19.78220316680499,121.19747148480332,93.74193199893884,77.92376143472237,95.71265976889092,61.87591206400018,-0.2893450385645816,0.199363727794632,-0.1567267200403046,-0.1759744589788872,-0.2108380428531713,-0.6855554099668536,-0.2176305609836913,0.3323143949740353,0.0344617525839109,0.357428454009718,0.3816986603564338,0.3325059231566755,0.2886759560073219,0.3012629813400277,18.6,3.1368774282716245,17,23,21,14,18
350,109.63251983193793,4.0530957774066,102.40619874842028,109.00584631527173,114.5110024844899,111.92663302702064,110.31291858448702,-0.1794706076734206,0.017676828971302,-0.1901324601734385,-0.1574596471646253,-0.1612657620626337,-0.2041485803968766,-0.1843465885695289,0.0056694076733102,0.0053756279783184,0.0055047803169787,0.0063982381266267,0.0150840540608281,-0.0009789775403024,0.0023389434024198,68.79160655172248,13.816477970067789,61.67734649725128,61.94888789193672,62.10654203515304,61.8021867986311,96.42306953564024,-0.3569425871497706,0.1515489346294222,-0.2442076833624588,-0.2952177430454053,-0.3137851315632201,-0.2749959878754197,-0.6565063899023491,0.2687487343485516,0.0451583677683469,0.3066120915637727,0.1944565830441812,0.2788438229809368,0.2445338368742612,0.319297337279606,89.81658312646967,19.68196432187521,121.2205352113958,92.95511996955204,78.46117789285225,94.70142597901194,61.744656579536304,-0.3202660976794728,0.2129565333502948,-0.1561189659854822,-0.2377313208161738,-0.2382720980727881,-0.7417608259017008,-0.227447277621219,0.2788904123106285,0.0587440045695856,0.3762323949486017,0.1980260031689938,0.2742598354162877,0.2490069660962673,0.2969268619229919,15.6,6.019966777316965,22,6,15,13,22
375,109.68399090935203,3.3923966741342757,103.6271807277904,110.3742530822754,114.15250773710363,110.20189731822296,110.06411568136777,-0.1820308897775762,0.0152212807640065,-0.1988404172308304,-0.1715066976406995,-0.1619097895482007,-0.2004497556125416,-0.1774477888556087,0.0062572970656979,0.007209073012808,0.0025999993883648,-0.0039043690899715,0.008202341642669,0.0063231322058366,0.0180653811815906,68.81046242630273,13.6593001749276,61.82263827742192,62.49621113559656,61.85805859482079,61.75158751638312,96.12381660729125,-0.3612344630977563,0.1584409120356514,-0.2257608562185053,-0.3413668891839814,-0.2967560542257209,-0.2730887061671206,-0.6691998096934536,0.2520836713609465,0.0627674260153333,0.256484734564366,0.167475914811356,0.3458405713501729,0.2879626808050823,0.2026544552737552,89.99997655299671,20.142950284386064,122.52204311103152,92.94001358433772,78.04071061653003,94.72805816248844,61.769057290595875,-0.3285173654556274,0.2110092898654606,-0.1534979688493829,-0.2843483947871024,-0.2265908895877369,-0.7421513931793079,-0.235998180874607,0.2673540706399077,0.0702197250197751,0.3133727359144311,0.1598197155909841,0.3498189683509337,0.3013361862354111,0.2124227471077782,17.8,12.237646832622683,16,2,38,23,10
400,111.18028887580424,2.7445636642778872,107.0857125899371,113.02324865004596,114.2650453230914,112.71798468197092,108.80945313397577,-0.2006093713816474,0.0328536340432898,-0.2552308033494388,-0.191984273405636,-0.1693488510215983,-0.218272654799854,-0.1682102743317099,0.0031535036734353,0.0099255663497798,0.0051907641361193,-0.0129677239120663,0.0023057131041937,0.0029923750779262,0.0182463899610036,68.34312831811738,12.941018229390824,61.76231690456993,62.22168833749336,61.68079399644283,61.8283478418986,94.22249451018216,-0.3722280730280959,0.2108552923974189,-0.2343190165988186,-0.320155498228575,-0.2423288351611087,-0.274745107742778,-0.7895919074091995,0.2189032517438917,0.0557176083784531,0.242551689011682,0.2136268740225779,0.3098515010839164,0.1827919738767505,0.1456942207245319,89.83535377100895,19.992104213351535,122.04887570832904,92.88437441775672,77.41337388021904,94.78978456530656,62.040360283433344,-0.3280506060834516,0.2140887054189737,-0.1547583111545495,-0.264294423555073,-0.1772422717328657,-0.7423368932908041,-0.3016211306839658,0.230161783650207,0.0607472441904037,0.2972418942668459,0.2172527174024205,0.304335646051505,0.1611528159486816,0.170825844581582,12.6,8.212186067059125,17,11,26,6,3
425,110.10359947428984,3.841351964973877,104.91526780969956,115.96948519314036,112.74104089175954,108.4158598282758,108.47634364857392,-0.1918720575641183,0.0438823704109999,-0.2201429177733028,-0.2645483904025134,-0.1483983947950251,-0.1614532435641569,-0.1648173412855933,0.000942858116708,0.0151611020505247,-0.0122533448834848,-0.0022750350547379,0.0114040704005781,0.0243844544835155,-0.0165458543623304,68.7969383105897,14.041734350092266,61.73459404393246,61.73172950744629,61.83829013088293,61.7997865174946,96.88029135319223,-0.3252622345037627,0.1585743306130662,-0.2403934273803443,-0.2521869770267553,-0.2223675376490543,-0.2705051647989373,-0.6408580656637225,0.2190083630421819,0.0435898396543607,0.2396557409185589,0.2243688716308066,0.282909140080671,0.1955043010713875,0.1526037615094856,89.8300820735463,19.96201528542402,121.74560188828852,93.27297849822465,77.34344044066312,94.89390801546868,61.89448152508652,-0.2945699095726013,0.2216447708986616,-0.1557978203422144,-0.2007935245831807,-0.1586577756363049,-0.7349511468619631,-0.2226492804393433,0.2325632964244537,0.0504126025269667,0.2986845198626581,0.2317626700785599,0.2786443743920117,0.175150307254833,0.1785746105342057,13.8,6.04648658313239,17,16,22,9,5
450,109.83232068230124,3.769818179482155,103.4277716692756,112.8027546377743,114.34850266400504,109.63376749824076,108.94880694221048,-0.1850005302709691,0.0203472811190835,-0.2068510567440706,-0.2121055098140941,-0.1685563417042003,-0.1741776241975672,-0.1633121188949136,0.0034817965506569,0.0044790502925271,0.0083188254304011,0.0033866000830825,-0.0049011749596341,0.0052884277401437,0.0053163044592913,68.99393153943512,13.192750460153851,61.8794796090377,61.95491685365376,63.68341803968998,62.10582299818073,95.34602019661352,-0.3899263323399058,0.1709740372408144,-0.2211581039846989,-0.2940866445240221,-0.4186688243297108,-0.3080462991145619,-0.7076717897465354,0.1794578891310824,0.0345046323579308,0.2332128748836878,0.2075374404850759,0.1534974265255426,0.1559866582974791,0.1470550454636267,90.43567669851736,19.946651672429972,122.8316037362082,92.91882014692877,80.55320144117924,94.11767993056984,61.75707823770088,-0.3569137830483286,0.2292629274394028,-0.1530742415210657,-0.239816989815026,-0.3351090728190907,-0.8006205631975543,-0.2559480478889064,0.1922551703996743,0.057405159187038,0.2959175130450411,0.2078048583904379,0.1581703390550325,0.1309300187164345,0.1684531227914257,9.0,6.782329983125268,19,15,2,3,6
475,109.88690830006315,3.604962927672892,103.71061246535358,112.2172124750474,113.9337515887092,108.2045960370232,111.36836893418256,-0.1851394615453832,0.0200580705700923,-0.2107384520418503,-0.2011937874204972,-0.1569167771760155,-0.1681316621163312,-0.1887166289722218,0.0019581484517103,0.0097846972939752,-0.0005616165471591,-0.0076839593396631,0.0011262968296411,0.0205849659997243,-0.0036749446839915,68.67373875400476,13.022238776825851,61.77377566956637,62.884589780840955,62.13994052953888,61.86387972246136,94.70650806761624,-0.3927142774849607,0.181683995626857,-0.260800396141253,-0.3666183195616069,-0.3116501893913537,-0.275805113608377,-0.7486973687222129,0.1879244447071023,0.0394925257464749,0.2185563690502915,0.1516393922318361,0.2458354339836851,0.18209641833132,0.1414946099383789,89.80527064005534,19.56976571874238,120.94252797176964,93.0553123072574,78.40094723617821,94.75488850108364,61.87267718398781,-0.3466129464015626,0.2052081403760922,-0.1606706767751459,-0.3088626422380146,-0.2404738330004508,-0.7448657876566837,-0.278191792337518,0.1943938620747965,0.0568123840806851,0.2764926292002201,0.1246733876647787,0.2447220275930145,0.158675509096499,0.1674057568194704,11.2,6.554387843269576,17,2,20,10,7
500,109.5707999420166,4.829512439767989,101.48328635271858,112.02381634431728,116.04800668604234,107.94809184354894,110.35079848345588,-0.1785066439824945,0.0137854629500036,-0.1783052090336294,-0.1937887763275819,-0.1867862985414617,-0.1531296600313747,-0.1805232759784249,-0.0017458810233288,0.0138488909626776,0.0119819264420691,-0.0149546146379126,-0.0116644660812145,0.0180117932271541,-0.0121040440667403,68.47990312408982,13.131600219950831,61.86452653115256,61.716980950874195,62.156948725382485,61.91948377040394,94.74157564263596,-0.3510657323034186,0.2002460868450816,-0.2251866010197422,-0.2505325790037188,-0.3121915355063321,-0.221182456142024,-0.7462354898452759,0.2033372130436953,0.0351273010136529,0.2162595079933995,0.2345789194172411,0.2208376990145137,0.2100488434161729,0.1349610953771493,90.60847627070912,20.215505853029015,122.5720804783336,93.24598904659874,78.42353830839458,96.93591730218183,61.864856218036856,-0.3018596274810924,0.1734358474428869,-0.1535531617047494,-0.1991243205572429,-0.2410188348669754,-0.6387893703945896,-0.276812449881905,0.2163127055107013,0.0394679241865708,0.2768371290478267,0.2413864268564155,0.2071068737851946,0.1938335422647038,0.1623995555993659,18.0,6.957010852370434,18,29,18,18,7
525,471.034556835399,721.9356321201817,106.35465451408837,111.88295205060172,113.85852338005516,1914.8961211260628,108.1805331061868,-4.400510093394448,8.421359460200488,-0.2456245226018569,-0.1842588698162752,-0.165871924161911,-21.243124461174013,-0.1636706892181845,0.0134714417482781,0.0111082176224315,-0.0015221968933474,0.0260397917419836,0.0019448837196892,0.0190329182639663,0.0218618119090987,68.81035270690919,13.577009825900474,61.92356467665287,61.914088801333776,62.3444500304105,61.9073273340861,95.96233269206265,-0.3580960710843404,0.1624224634541239,-0.2203171211376524,-0.2865711021841618,-0.3272830707985058,-0.2806337538518403,-0.6756753074495416,0.1931481944760123,0.0293141978703797,0.2141187903675528,0.2055178923762644,0.1812719636711112,0.1415968182570252,0.2232355077081082,90.18574152829356,20.19729257019488,122.90006716209544,92.9425979246173,78.70667126304225,94.65549885599236,61.723872435720345,-0.32629566882786,0.216223187807441,-0.1531187295913696,-0.2330466425209714,-0.2545870249731499,-0.75301299283379,-0.2377129542200189,0.1947747297813756,0.0562296027945091,0.2736426314927245,0.1988468409042086,0.1616166641510892,0.109744190614213,0.2300233217446427,17.4,10.365326815879952,22,22,11,1,31
550,111.27593962725471,4.916252242544586,102.36722970850327,113.4017167708453,116.55251354890711,114.02747448191924,110.03076362609865,-0.1991978723862592,0.0164083683761021,-0.1911275611204259,-0.2044203060514786,-0.1879962016554439,-0.2289118146195131,-0.1835334784844342,0.0002848358239862,0.0106230341920764,-0.0129275854272932,0.0031080691382692,0.0074969469578183,-0.0108671928742243,0.0146139413253609,68.8776667511254,13.530074048521964,61.770181020100914,62.25858813837955,62.64857128210235,61.78109836578369,95.92989494926051,-0.3702255769779807,0.1587595202158059,-0.2533204973789683,-0.3196446310009873,-0.3505810101826985,-0.2494280286002577,-0.6781537177269918,0.16857186042767,0.0092651274634129,0.1832949104427825,0.1546451276415354,0.1683992074696314,0.1652378966672378,0.1712821599171627,90.1258845245629,19.64573073999314,121.2350869429739,92.90479296968694,79.14789825573303,95.5722391396238,61.76940531479685,-0.3269003236502931,0.1888092094959486,-0.1589187885585584,-0.2644111419978894,-0.2753835947890031,-0.6956103841463724,-0.2401777087596424,0.1713815552468428,0.0384836726071097,0.2401449565587794,0.1286031313305884,0.1566830831253084,0.1489033881378801,0.1825732170816576,13.4,2.4166091947189146,15,10,12,13,17
575,111.33167206708124,3.540076609832501,105.17371166453644,111.25570678710938,115.9123758652631,113.2503101124483,111.06625590604894,-0.1947165142087375,0.018934881390015,-0.2176732214058147,-0.1869714547606075,-0.1719980166238897,-0.2166543525807997,-0.180285525672576,0.0001911856319844,0.0069944405100896,-0.0037455671001225,0.0066054813998669,0.0104886975954286,-0.0066025500780704,-0.0057901336571804,68.73892954106915,13.039248792465726,61.86311283446195,61.79977490609152,63.33676942189535,61.90290773960582,94.79208280329118,-0.3705062383099606,0.174061828869349,-0.2341886110473097,-0.2559924136128342,-0.3892976516171506,-0.2714480360349019,-0.7016044792376066,0.1521884761464765,0.0291419921043862,0.1527808237179558,0.2009995128926739,0.1251879303814157,0.1620041603332777,0.1199699534070596,90.38931271067835,19.725024307128106,122.01546023184792,93.17157688475493,80.01685175979347,94.81787661502236,61.92479806197317,-0.3390332466677616,0.2083658648770488,-0.1553907258468762,-0.2061466762894078,-0.3129123250643412,-0.7409134894086603,-0.2798030167295222,0.1600025520699809,0.0373343236548355,0.2099804695564926,0.193364195836087,0.1082411851578702,0.1537170547240397,0.134709855075415,13.0,9.633275663033835,12,30,2,15,6
600,111.11516654519474,3.44772547742871,104.6322588527904,112.8217529745663,114.76084590238683,112.21122844920438,111.1497465470258,-0.1979348409175872,0.0214111108731601,-0.2218170095892513,-0.2180332310059491,-0.1635878275422489,-0.1998913670287412,-0.1863447694217457,-0.0028369967516867,0.0138683673279188,0.0168655446867513,-0.0199759539682418,-0.0168874166810008,4.844361512154779e-05,0.0057643985889359,69.09977042214913,13.678519229415116,62.0834891336006,62.01339992723967,63.09586280688905,61.86315683732953,96.44294340568676,-0.3660350159594887,0.1297172162639565,-0.2946345304187975,-0.2865912077719705,-0.374062156468107,-0.2607225859374331,-0.6141645992011354,0.1375092294005234,0.0264160455347014,0.121738722276253,0.1253361503484229,0.1150591205397065,0.1370314306481496,0.1883807231900854,89.93338259312144,19.167182239885992,120.03558225799026,92.96894955216791,79.69728627121239,95.13376908553272,61.831325798703915,-0.3317859867162872,0.198513729422194,-0.171896943920537,-0.2355415413254185,-0.2992560424302753,-0.720545114132396,-0.2316902917728089,0.1396710369454108,0.0381286459933758,0.1809337336994838,0.1059707753899458,0.0935523570208859,0.1310168678480151,0.1868814507687235,10.4,8.309031231136395,6,7,2,11,26
625,110.2774334268009,5.577185348022406,100.2602456934312,112.38533028995288,117.06706578871784,112.25355671153348,109.42096865036908,-0.1863906352660234,0.018334537456476,-0.1575714539079105,-0.2067903466084424,-0.194557228158502,-0.2000698903027702,-0.1729642573524923,0.001201395228834,0.0122119209885486,0.0202521061154958,-0.0023178458421973,-0.0159092480570132,-0.0041863726506776,0.0081683365785626,68.58374824523926,13.342328151371468,61.89344228777969,61.84806085887708,62.064420348719544,61.844895346122875,95.2679223846971,-0.3477777585648653,0.1623889914674599,-0.2690666066972833,-0.2624741008407191,-0.2946915155962893,-0.2418589623350846,-0.6707976073549505,0.1416704466145714,0.0221823005844103,0.1301880711852981,0.1588493392684317,0.1728587772966803,0.1370185089559016,0.1094375363665453,89.92539625000535,19.579210319009153,120.6664084384316,93.1278223071182,78.18083933780068,95.81318957345528,61.83872159322103,-0.3100313763869436,0.1896803300508715,-0.1638230702333283,-0.2124311390675996,-0.2274342242040132,-0.6840633425796241,-0.2624051058501528,0.1493595652408865,0.0262302997821374,0.1940423194890874,0.1534503699431457,0.14997193923122,0.1348400872298761,0.1144931103111032,15.2,6.493073232299171,11,22,23,14,6
650,111.04222666123331,3.9055443875424336,106.62711141249711,111.78421931547275,118.05060734468348,108.49618541493136,110.25300981858196,-0.1898811442010543,0.0250726132237837,-0.2320303033379947,-0.1785739400807549,-0.1999524908907273,-0.1571690040476182,-0.1816799826481763,-0.000836732545294,0.0079508156119712,-0.0163149955598569,0.0059720542319529,0.0002629116369301,0.0025735201979627,0.0033228467665407,68.72235989486963,13.184981162162275,61.8676455146388,62.26303279609011,62.4427388174492,61.94935142784788,95.08903091832212,-0.3721746340132596,0.1564348056641538,-0.2626867817159284,-0.3123632198885867,-0.3280411686813622,-0.2763203717114633,-0.6814616280689574,0.1161560926350495,0.0120919851533293,0.1167989798102593,0.1071192216773501,0.1285124781026848,0.0985468463495316,0.1298029372354217,89.82610440839801,19.501863085796337,120.86897756342302,92.9121045898973,78.77973690367581,94.71662978122107,61.85307320377283,-0.3394137300943073,0.2084584656968933,-0.162059906281923,-0.2600232948336685,-0.2577700771783527,-0.7490224984654209,-0.2681928737121716,0.119612219095615,0.0335366704155179,0.1789428838773777,0.0935184612539351,0.1042047228038427,0.0880458643057448,0.1333491632371748,9.8,4.791659420284375,11,7,14,2,15
675,110.55850742115696,4.4215389386781885,102.6269894319422,112.31403613371008,115.67096723668716,112.68030067892636,109.5002436245189,-0.1851808867735021,0.0117361864667701,-0.1921553979901706,-0.1992088808732874,-0.1704204436610726,-0.1922065198421478,-0.171913191500832,0.0036313967059301,0.0098555876339118,0.0054795116694603,0.0062302620071825,0.0092840539709226,-0.0154280532997183,0.0125912091818035,68.63181343413237,13.217406678091091,61.95512885378118,62.12221443443968,61.87340928797136,62.142461007101495,95.06585358736808,-0.3601577735783761,0.1576349010284904,-0.2758879096884477,-0.2968101972027829,-0.2553345383259288,-0.2989235478535033,-0.6738326748212179,0.1148847036020781,0.0170601434542035,0.1309546144248247,0.1077940061386151,0.134258400068798,0.1142993962939567,0.0871171010841958,89.48011022199664,19.47696096840684,120.50418639601322,92.9348683775517,77.62358715659694,94.3842215287058,61.95368765111555,-0.3215088108129669,0.2107309327560138,-0.1654523245075292,-0.2440081541998344,-0.189901264090287,-0.736130462403883,-0.2720518488633005,0.1221757722146943,0.0383359541100526,0.1972133596509433,0.0998401353033586,0.1107319511632484,0.1124239548105897,0.0906694601453317,12.8,4.955804677345546,17,12,18,13,4
700,112.65284081851736,3.917023968148595,107.3719274633071,109.70589666927562,115.92789811527028,112.20078203537884,118.0576998093549,-0.21605418065015,0.0436358077137636,-0.2566804247743943,-0.1562454682939192,-0.189609789497712,-0.2031420325531679,-0.2745931881315568,-0.0033031549826795,0.0073809047616012,0.003294360391823,0.0041858119961997,0.0004304432200596,-0.0123857480335145,-0.0120406424879654,68.69072857906943,13.29416775592483,61.928635680884646,61.93249568604586,62.42331662094384,61.89302571614584,95.276169191327,-0.3573206259493242,0.1532481504350597,-0.2697630806973106,-0.2709124903929861,-0.3245789283200314,-0.2608540214990315,-0.6604946088372615,0.0990559232313994,0.0085954936859758,0.0991789937844467,0.1040801769331824,0.0826964972024015,0.1072761521740048,0.1020477960629617,89.93624005568654,19.47477899924353,120.69079810694645,93.07821466211686,78.69719669275116,95.30514844258626,61.909842374032,-0.3140982696884556,0.1811935251763811,-0.1637516157668933,-0.2194565973783794,-0.2532703416389331,-0.6696544634668451,-0.2643583301912274,0.1085408605722988,0.031298361611102,0.1641090592009979,0.1028999244434791,0.067125062894264,0.1079458333143408,0.1006244230084121,12.8,3.4292856398964493,14,14,6,15,15
725,110.82051508735208,3.3452482629451494,105.12107806486242,112.49301059947294,114.75349513783176,112.47992560442756,109.25506603016572,-0.198782832622528,0.0181277317359869,-0.2209731936454773,-0.2117538048940546,-0.1677721444298239,-0.1991710782051086,-0.1942439419381758,0.0051161626147393,0.0030852793859651,0.0008270076541093,0.0060478721146115,0.0094562729396035,0.0067473803975564,0.002502279967816,68.93296685135155,13.628541723364288,62.15064892015959,61.8713739964,62.55173192944443,61.90536177785773,96.18571763289602,-0.3343263925167553,0.1455852271214169,-0.2127033367491605,-0.2472838759422302,-0.3353410959243774,-0.2620179956419426,-0.6142856583260653,0.1084133403996626,0.0265586124035681,0.152978569743011,0.0959440023360545,0.0982765661748616,0.0746149321723925,0.1202526315719934,90.5853313446045,20.36790970016108,123.5042980093705,93.37247480425918,78.89284809848718,95.27868093524064,61.87835487566496,-0.3047788350205672,0.1871322851672926,-0.1531799582012912,-0.1972043514251709,-0.2629391300050835,-0.6714831684765062,-0.2390875669947841,0.1222740993838095,0.0550788806628755,0.2301103251806476,0.1059090802609397,0.0858292558553154,0.0801019088054696,0.1094199268166751,20.0,9.273618495495704,37,18,16,9,20
750,110.21776676402374,3.8357787665274903,102.9614564559039,111.81478264752556,114.3507849076215,111.22058812309714,110.74122168597052,-0.1880672908530515,0.0155129163462981,-0.1991941294249366,-0.2011020407957189,-0.1601745079545413,-0.1978250798057107,-0.1820406962843502,-0.0008943809784935,0.0078974793749402,-0.0085871577783323,-0.0098470369121059,0.0021438877635827,0.0118553555029553,-3.695346856736304e-05,68.63998264178895,13.196406275350704,61.895974008660566,61.94357467115971,62.15976050862095,62.16873242562277,95.03187159488076,-0.3624757011731466,0.1577098699149946,-0.2628221375900402,-0.27119705551549,-0.3013160113702741,-0.3006603707347,-0.6763829306552285,0.0793234048034687,0.020078099214788,0.0936945280129868,0.0619641062721871,0.1118170671459091,0.0616852724107733,0.0674560501754872,89.71984941248307,19.52910389147882,120.90767806872988,93.08467123801248,78.2766230064526,94.36632005791915,61.96395469130131,-0.325156959943604,0.2098237788369503,-0.16179141768238,-0.2197683380361189,-0.2319756673093427,-0.7386689186096191,-0.2735804580805594,0.0946389430798917,0.0386335388691516,0.165526148875391,0.0781136825190563,0.1041819889735626,0.0587066375209312,0.0666662575105172,12.8,6.523802572120037,18,7,23,7,9
775,110.26647513894471,4.0263997075649725,104.18292229596308,109.05554497662712,116.76431671591368,110.81352720821604,110.5160644980038,-0.1813576110671548,0.0156975601568682,-0.2073516463532167,-0.1594669885495129,-0.1851946304826175,-0.1813199386877172,-0.1734548512627096,0.0021014404073406,0.0055394736178317,0.0047832228924295,0.0068976033612243,-0.0048024969319265,-0.004325783915513,0.0079546566304891,69.718728544001,15.095389742668598,61.964847129687925,61.87504975837574,62.85260006419399,61.99990523488898,99.90124053285832,-0.3255210332703172,0.0882332935499872,-0.2699526590213441,-0.2449616716619123,-0.3527435649905288,-0.2734919995592351,-0.4864552711185656,0.0724351181926434,0.0160950202272079,0.0683121779819198,0.10098937627647,0.074056331121379,0.0516336171708086,0.0671840884126396,90.24723229993852,19.12791992976726,120.69244542038231,93.35842644540888,79.30749110171669,95.02245210346425,62.85534642872057,-0.3046066507958529,0.1909537259101349,-0.1639105562578167,-0.2024955509001748,-0.2808901625767089,-0.6787155918907701,-0.197021392353794,0.0845904735023188,0.031628466523162,0.1300500830831496,0.1112608003568949,0.0656156105708265,0.0429939372432336,0.0730319362574894,13.8,6.337191807101944,13,24,14,4,14
800,111.03381353041704,3.574006224064403,106.32963229908664,109.81614144269156,117.3665548212388,110.64461786606732,111.01212122300092,-0.1988431704745573,0.0283308473244833,-0.2528914367451387,-0.1727641168762655,-0.1982999009244582,-0.1809191356686984,-0.1893412621582255,0.005290059286738,0.0074199786509484,0.0060813319389982,0.0185723334194763,0.0051742092877462,-0.0023265297855045,-0.0010510484270258,69.13468317399945,13.786580799651343,61.947894380803696,62.54948656182541,62.44504038492838,62.027044798198496,96.70394974424129,-0.3454155001723976,0.1138596204897088,-0.2344174468726442,-0.330168554657384,-0.3221279623215659,-0.2778007137148003,-0.5625628232955933,0.0587723199012607,0.0091369478144787,0.0615128887237229,0.0449525168198242,0.0681359579892861,0.0515749318067703,0.0676853041667001,90.12445303264415,19.880966578923523,122.08749864812484,92.94800581011856,78.71265170448704,94.917886499773,61.95622250071743,-0.3227767628535889,0.1867938663647727,-0.1555331830392804,-0.2872895054649888,-0.2529004278935884,-0.6862256160953588,-0.2319350817747283,0.0687033821199612,0.0262767886255996,0.1129973195084746,0.051842569259175,0.0624278086613406,0.0364116565691993,0.0798375566016163,10.8,5.635601121442148,13,2,14,7,18
825,109.72514214908377,4.609084470138369,102.63448623208438,109.89254035949708,116.9880765353932,110.80129111794864,108.30931650049546,-0.1841195060926325,0.0113628684181043,-0.193423855304718,-0.1742224093745736,-0.1979589132701649,-0.1870299128925099,-0.167962439621196,0.0004846686488727,0.0073211889980414,0.0030911895044589,0.0081269321771448,-0.0086524721360012,-0.007774908126307,0.0076326018250684,69.07259143695497,13.67688404469243,61.94969001569246,62.33648969416033,62.68502760770028,61.97071476986534,96.42103509735642,-0.3455150445302327,0.1196147799032831,-0.2333468502027946,-0.3124832124040838,-0.3404557767667268,-0.2680813471476237,-0.5732080361299348,0.0484794242603688,0.0108312449152154,0.0698013947755833,0.0417099023940401,0.0467162972577569,0.0428704122783975,0.0412991145960659,90.2476303368284,19.877705315299824,122.14413917273806,92.92544632627254,79.06549229538231,95.17111058820758,61.931963301541515,-0.3203751785713329,0.1794072107450952,-0.1553575114199989,-0.2696941066206547,-0.2696682883982073,-0.6693071827553866,-0.2378488036624172,0.0574235218954926,0.031171092839596,0.1153196757250841,0.0471911055113499,0.0442542998567468,0.0223836538569772,0.0579688745273048,9.0,4.857983120596447,17,4,7,5,12
850,109.16626328412224,3.778819882835993,103.01552913890166,109.40060696321376,114.83327495350557,108.46486706453211,110.11703830045812,-0.1772738983350641,0.0187212787071118,-0.2050232715466443,-0.1600910937084871,-0.1605076768819023,-0.1664663370917825,-0.1942811124465044,0.0037032865991418,0.0047214533948302,0.0058234140747706,-0.0001788122391136,0.0018135981733554,-0.0008605919093551,0.011918824896052,68.9361766346714,13.504438540515643,61.976630696079184,62.43116776985035,62.41708039400871,61.91437363206295,95.9416306813558,-0.3514263031775491,0.1239639384755475,-0.2717913295093335,-0.3205030445466962,-0.3200346952990481,-0.251408530954729,-0.5933939155779386,0.0470920226860918,0.0180813196201139,0.0539145500696848,0.0349462431643092,0.0766324999317396,0.0467036269409091,0.0232631933238161,89.97145008622554,19.480805100291317,120.64823200828152,92.9316130688316,78.66913434078819,95.69379435087504,61.914476662351376,-0.3163567635050991,0.1659207819738889,-0.1645345300958867,-0.2776480704023127,-0.2508639776915835,-0.6393516962988335,-0.2493855430368791,0.0574422945309299,0.0258967101888758,0.0926605402287749,0.0474982397434742,0.0809403597785715,0.0213843332276793,0.0447279996761496,11.4,5.571355310873647,14,3,20,10,10
875,110.75299105027143,3.4514721087485873,104.81819608351763,111.51228689305924,115.58337586346796,110.49380306917078,111.35729334214156,-0.1922312135556165,0.0171580623280637,-0.2234364050276139,-0.1850945784765131,-0.1755516686860253,-0.1801166716743918,-0.1969567439135383,0.0007922136381196,0.0095066358283062,0.0087094833538097,-0.0069120783434139,-0.0051724446636131,0.0154520109364324,-0.0081159030926167,68.91550248129326,13.333246466705445,61.93848907738401,62.47134770845112,62.28542789660002,62.30250308388158,95.57974464014956,-0.3367653848832114,0.1440706102534946,-0.2386010697013453,-0.3206101216767963,-0.3045514246873688,-0.2074109556382162,-0.61265335271233,0.0545055940009963,0.0220758985464353,0.0617334809483094,0.0336613402407812,0.0644662330425426,0.0866987729330726,0.025968142840276,90.71282439984772,20.1125071201157,122.0263971027575,92.9469333949842,78.36498732315867,98.27671017563134,61.94909400270696,-0.2858695952515853,0.1224815256428094,-0.1569277529130902,-0.2656156190654687,-0.2303956286949023,-0.5184929695045739,-0.2579160060798913,0.0646902701968588,0.0185844057944336,0.0945180496466427,0.0385016887203643,0.0717165756464135,0.0641070983143882,0.0546079386564853,16.8,8.009993757800315,19,4,17,29,15
900,110.20890948127298,4.297631620184928,102.32221738029928,111.67859007891488,113.94343486112707,109.26500827564912,113.83529681037454,-0.1874337416536667,0.0184392517059361,-0.1975811334217296,-0.1880266024785883,-0.1628061795935911,-0.1732378188301535,-0.2155169739442713,0.0008001085822059,0.0054835217629744,0.0097907218602759,-0.0015974143352222,-0.0042360608322162,0.0043338869465515,-0.0042905907283591,69.09947050663463,13.287385010393482,62.50674435130337,62.3662555426882,62.7621833734345,62.19056045799925,95.67160880774784,-0.3353800349068224,0.1470664406101038,-0.2007401679691515,-0.31217220373321,-0.3431096923978705,-0.212766684983906,-0.6081114254499737,0.0579281297473547,0.032208675459631,0.1127886954498918,0.0582334026694297,0.0373019038683228,0.0646925218762797,0.0166241248728495,91.3279287505568,20.88858551666119,124.84695036369456,92.93363290084037,79.09255763940644,97.8261656844825,61.94033716436018,-0.2926193136917917,0.1254623097333645,-0.1548614041847095,-0.2575450058568987,-0.2654944815133747,-0.5300193428993225,-0.2551763340046531,0.0679063132326854,0.0451284828658674,0.1528148580456904,0.0663029892950139,0.0378092687675043,0.0232816660049649,0.0593227840502534,19.2,11.617228585166083,40,17,4,18,17
925,109.81221650965072,3.809472703289045,102.96256141662596,110.98099567188936,114.6635242462158,110.6727097679587,109.78129144556382,-0.1737752572227927,0.0114588810471701,-0.1897590342689963,-0.1712655162110048,-0.155672211857403,-0.1813961604062248,-0.1707833633703344,0.0017003314391459,0.0076873806039972,-0.0068334572270567,0.0100645861049141,0.0110353038375786,-0.0063137473626257,0.0005489718429196,68.78347649156002,13.197027454442024,61.93693244666384,62.69046167741742,62.085462168643346,62.0323032579924,95.17222290708308,-0.3452920510057817,0.1508574893047061,-0.2446620004218921,-0.3379378402442263,-0.2836927604257014,-0.2234009106953939,-0.6367667432416949,0.0463260094006137,0.0429785526415924,0.0413584505093463,0.0416778073106941,0.1071461222355106,0.0664374450254335,-0.024989778077916,90.37624072024695,19.97097701981651,121.76886769344932,92.98761645534584,78.01286178722717,97.08977990401418,62.02207776119835,-0.2950609608700401,0.1356807013825084,-0.1583545187063384,-0.2820249795913696,-0.2112600552408318,-0.5512848402324476,-0.2723804105792129,0.0471968615607342,0.0347225498657663,0.0397878487169611,0.0319087276022815,0.1143742109109696,0.0140568437830855,0.0358566767903731,13.2,10.067770358922576,7,8,30,19,2
950,111.05813279993394,2.7976373770218452,106.07155633814196,111.69530359155992,114.74919675939223,111.49046125972971,111.28414605084588,-0.2013074750058791,0.024258772599388,-0.2378359482568853,-0.186542300266378,-0.1681857158156002,-0.2176764726638794,-0.1962969380266526,0.0011199684914968,0.0082913438938239,-0.0028533022944911,-0.0066648560868891,0.0169986508889397,-0.0027732693703215,0.0008926193202462,68.8183635845519,13.580257867957965,62.003924453467654,61.927708642524586,62.21378025255705,61.96824281257496,95.97816176163523,-0.3344378076101604,0.1305321796996181,-0.2711642070820457,-0.2467834949493408,-0.2971013920348987,-0.263659866232621,-0.5934800777518958,0.048220593427316,0.0237712808197987,0.0640403996630196,0.0606646940373537,0.055243408814963,0.0601436890714818,0.001010775549762,89.95722629814817,19.58817933485183,120.85049087122869,93.35839273218522,78.24186673080712,95.40634697361996,61.92903418289987,-0.2908879420213531,0.1679189713703983,-0.1653606661579065,-0.1964612498618008,-0.2236743809884054,-0.6223016161667673,-0.2466417969318858,0.048448982614648,0.02429900298151,0.0675232692319376,0.0601768240663468,0.0525368387701618,0.0007924779048679,0.0612155030999259,18.0,2.280350850198276,21,19,14,18,18
975,109.58125317293054,3.4342977058783255,103.6170139761532,109.35755045273724,114.27844828437355,110.62243616440716,110.03081698698156,-0.178200906865737,0.0176468112417791,-0.2036018483779009,-0.1707112550735473,-0.1508928856428932,-0.188638162612915,-0.1771603826214285,-0.0014133565349209,0.0080092438508957,-0.015534541657732,-0.0005223427796462,0.0090920116615426,0.0017466995539828,-0.0018486094527521,68.73843546415631,13.489701188904064,62.02658854032818,62.00949852926689,62.00076608490526,61.93755353961075,95.71777062667044,-0.3233639478683471,0.1420427091049754,-0.2238633245752568,-0.2719654252654628,-0.2709674416926869,-0.2448333637756213,-0.6051901840327079,0.0575733189307676,0.0238937308958387,0.065355748117885,0.0546603033547861,0.0967487481406383,0.0474001944081433,0.0237016006323852,90.34709254482335,20.28364235954424,122.8244311516745,93.06807867685954,77.83207635712205,96.0503432959841,61.960533242476615,-0.2838071024208738,0.1566543279124836,-0.1546282329057392,-0.2201717359977856,-0.1999019541238483,-0.5904513294236702,-0.2538822596533256,0.0580008296553339,0.0403346539497549,0.0720296983214977,0.0555921357427315,0.1023427683353554,-0.0168829134873751,0.0769224593644602,21.0,5.019960159204453,21,17,26,14,27
